count	ip	term
2	176.63.30.182	volner janos
2	176.63.30.182	volner
2	176.63.30.182	kepes
2	176.63.30.182	orban
2	176.63.30.182	takarodj
2	213.229.183.42	gyöngyöspata
6	213.229.183.42	gyöngyös
3	91.82.219.50	korrupció
2	195.56.119.18	emberi jogok
30	213.229.183.42	emberi jogok
2	185.244.212.195	volner janos
2	185.216.34.222	ligeti miklós
2	185.216.34.222	transparency
4	93.190.1.154	trianon
4	93.190.1.154	budapest
6	93.190.1.154	adótartozás
3	93.190.1.154	magyar
10	93.190.1.154	korrupció
2	93.190.1.154	emberi jogok
8	93.190.1.154	soros györgy
2	93.190.1.154	
6	213.229.183.42	szeged
21	213.229.183.42	budapest
40	213.229.183.42	korrupció
2	176.63.30.197	orban
5	176.63.30.197	viktor
27	93.176.147.27	emberi jogok
3	176.63.30.197	gyöngyösi
2	213.229.183.42	koppenhága
2	93.176.145.147	budapest
16	37.220.141.130	klímaváltozás
2	37.220.141.130	kihalás
2	37.220.141.130	pusztulnak ki
3	151.0.86.84	klímaváltozás
2	37.76.42.150	klímaváltozás
2	37.76.99.112	klímaváltozás
4	213.229.183.42	
8	213.229.183.42	költségvetés
1	93.190.1.154	költségvetés
1	93.190.1.154	kormányváltás
11	89.187.168.200	soros györgy
7	93.176.145.147	emberi jogok
4	176.63.31.26	korrupció
2	176.63.31.26	emberi jogok
22	213.222.166.79	emberi jogok
3	188.143.16.220	emberi jogok
2	188.143.16.220	
1	188.143.16.220	migráció OR migráns
5	93.176.148.239	korrupció
2	176.63.17.196	emberi jogok
2	92.249.223.150	
8	92.249.223.150	Derültség
15	92.249.223.150	derültség
3	92.249.223.150	gyurcsány
1	92.249.223.150	soros györgy
2	92.249.223.150	volner janos
4	92.249.223.150	házelnök úr
2	92.249.223.150	ügyrendben
14	92.249.223.150	ügyrend
2	92.249.223.150	ügyrendi
4	92.249.223.150	kompromisszum
2	92.249.223.150	kikérem magamnak
2	92.249.223.150	elbeszélünk egymás mellett
2	92.249.223.150	demokrácia
2	92.249.223.150	trianon
2	92.249.223.150	rózsadombi paktum
2	92.249.223.150	proletariátus
2	92.249.223.150	lenin
2	92.249.223.150	erőszakos
2	92.249.223.150	erőszak
2	92.249.223.150	nők
2	92.249.223.150	felháborító
2	185.128.26.52	derültség
6	185.180.15.237	derültség
4	176.63.22.8	hazaáruló
4	176.63.22.8	konszenzus
2	176.63.22.8	egyetértés
2	176.63.22.8	közösen
2	176.63.22.8	konszenzus van
2	176.63.22.8	egyetértünk
2	176.63.22.8	nemzeti egység
2	176.63.22.8	hazafi
2	176.63.22.8	közös platformon
2	176.63.22.8	megegyezés
3	176.63.22.8	egyesség
2	176.63.22.8	kompromisszum
12	176.63.22.8	
4	176.63.22.8	alakuló ülése
1	176.63.22.8	emberi jogok
6	176.63.22.8	féreg
4	176.63.22.8	zaj balról
2	176.63.22.8	zaj jobbról
2	176.63.22.8	taps
2	176.63.22.8	himnusz
2	176.63.22.8	taps balról
4	176.63.22.8	taps jobbról
2	176.63.22.8	zaj
2	176.63.22.8	Személyes érintettség
2	176.63.22.8	felháborító
5	176.63.22.8	derültség
4	176.63.22.8	geci
2	176.63.22.8	cigány
2	176.63.22.8	közbeszólások
2	176.63.22.8	kikérem magamnak
6	176.63.22.8	csicska
2	176.63.22.8	csicskapárt
4	176.63.22.8	buzi
2	176.63.22.8	cigánybűnözés
4	176.63.22.8	soros
7	176.63.22.8	soros györgy
1	176.63.22.8	migráció OR migráns
1	176.63.22.8	trianon
2	176.63.22.8	rezsicsökkentés
2	176.63.22.8	kazetta-ügy
2	176.63.22.8	simicska
4	176.63.22.8	négyes metró
2	176.63.22.8	100 lépés
2	176.63.22.8	száz lépés
4	176.63.22.8	gyűlöletbeszád
2	176.63.22.8	gyűlöletbeszéd
2	176.63.22.8	ciánszennyezés
2	176.63.22.8	csernobil
2	176.63.22.8	polgári
2	176.63.22.8	polgári Magyarország
2	176.63.22.8	patkány
4	176.63.22.8	elszámoltatás
2	176.63.22.8	inzulinpumpa
2	176.63.22.8	vodkagyár
2	176.63.22.8	kresztényüldözés
2	176.63.22.8	keresztényüldözés
2	176.63.22.8	nix ugribugri
4	176.63.22.8	migráció
2	66.249.79.89	keresztényüldözés
2	66.249.79.89	kompromisszum
2	185.180.15.237	tisztelet
2	185.180.15.237	rend
2	5.38.178.15	tisztelet
1	78.96.151.128	korrupció
2	185.180.15.237	répa
2	185.180.15.237	mezőgazdaság
2	185.180.15.237	hableány
2	78.96.151.128	Csuhás
2	5.38.178.15	tiszteletlen
2	5.38.178.15	magyar
2	5.38.178.15	erdély
2	194.149.37.3	apek
26	194.149.37.3	apeh
1	66.249.79.87	rezsicsökkentés
2	66.249.79.87	trianon
1	66.249.79.89	kikérem magamnak
1	66.249.79.85	elszámoltatás
2	66.249.79.85	derültség
1	66.249.79.85	hazaáruló
2	66.249.79.85	kikérem magamnak
1	66.249.79.85	felháborító
2	66.249.79.85	nix ugribugri
1	66.249.79.85	száz lépés
2	80.99.200.130	Kuncze
2	80.99.200.130	Soros
2	80.251.178.106	keresztényüldözés
3	81.183.229.38	populizmus
4	195.38.100.136	jóri
2	81.183.229.38	pina
2	81.183.229.38	fütyi
2	81.183.229.38	marh
2	81.183.229.38	hülye
2	81.183.229.38	orbán
2	176.63.22.8	gémkapocs
3	37.76.125.117	Bajnai
4	77.111.96.84	megyeri lászló
2	77.111.96.84	színház tao
2	77.111.96.84	g7.hu
9	77.111.96.84	g7
2	89.133.162.135	csuhások
2	89.147.103.17	domokos
2	89.147.103.17	napi.hu
7	89.133.162.135	imához
1	89.147.103.17	euró
2	77.111.96.84	fabók
4	193.226.218.10	g7
3	185.180.15.237	korrupció
3	185.180.15.237	klímaváltozás
2	84.0.137.160	migráció
4	5.38.178.15	amerika
2	5.38.178.15	orosz
2	5.38.178.15	klíma
2	5.38.178.15	klímaváltozás
4	185.180.15.237	k-monitor
4	5.38.178.15	k-monitor
2	185.180.15.237	lakhatás
2	185.180.15.237	tasz
4	86.59.133.67	dobrev
2	185.180.15.237	gyurcsány
2	185.180.15.237	zsidó
2	185.180.15.237	tungsram
2	185.180.15.237	újpest
2	178.48.68.249	torgyán
2	178.48.68.249	raskó
2	193.226.241.59	raskó
3	81.0.116.1	homoszexuális
2	81.0.116.1	Petrovszki
4	81.0.116.1	Medgyesegyháza
2	81.0.116.1	pörkölt
2	81.0.116.1	buzi
2	81.0.116.1	Nagy Béla
2	81.0.116.1	segg
2	81.0.116.1	pina
2	81.0.116.1	picsa
2	81.0.116.1	pöcs
2	81.0.116.1	karaj
2	81.0.116.1	görögdinnye
2	81.0.116.1	kurva
6	81.0.116.1	prostitúció
4	81.0.116.1	eutanázia
4	94.21.212.231	stumpf
2	81.0.116.1	meleg házasság
2	81.0.116.1	melegházasság
2	81.0.116.1	abortusuz
2	81.0.116.1	abortusu
2	81.0.116.1	abortusz
8	81.0.116.1	momentum
3	81.0.116.1	zsidó
2	81.0.116.1	mém
2	81.0.116.1	bélszín
4	81.0.116.1	torrent
8	134.255.79.97	Keresztény
4	134.255.79.97	Muszlim
8	134.255.79.97	Soros
13	31.46.49.214	devizahitel
4	134.255.79.97	Liberálbolsevik
3	134.255.79.97	Liberális
2	151.0.89.117	libsi
27	188.36.254.238	keresztény
2	94.21.50.176	összefogás
2	195.38.104.188	hazaáruló
6	94.21.50.176	ellenzéki összefogás
2	94.21.50.176	álliberális
3	37.76.101.215	felháborító
2	94.21.212.231	szeged
54	94.21.212.231	szerelem
2	188.36.254.238	csuhások
2	188.36.254.238	csuhás
5	94.21.212.231	pálinka
2	78.92.103.94	
4	78.92.103.94	Kutya
2	94.21.212.231	pörkölt
2	94.21.212.231	mém
2	94.21.212.231	mémek
2	94.21.212.231	meme
2	94.21.50.176	harag
4	94.21.212.231	Orbán Viktor
2	94.21.212.231	tiktok
7	94.21.212.231	instagram
2	94.21.212.231	instagramm
2	94.21.212.231	instagramme
8	94.21.50.176	harag napja
2	94.21.212.231	instaú
2	94.21.212.231	insta
6	94.21.212.231	facebook
3	94.21.212.231	marvel
2	94.21.212.231	szuperhős
2	94.21.212.231	szar
2	94.21.212.231	kurva
4	94.21.212.231	hülye
2	94.21.212.231	és
2	94.21.212.231	elnök
2	94.21.212.231	asztal
2	94.21.212.231	alma
4	94.21.212.231	mondjon le
4	94.21.212.231	mondjon+le
2	94.21.212.231	mondjon
4	94.21.212.231	Brüsszel
2	94.21.212.231	o1g
2	94.21.212.231	geci
2	94.21.212.231	Szeged
2	94.21.212.231	szeretet
5	94.21.50.176	harag AND napja
2	94.21.212.231	pacsi
2	94.21.212.231	twitter
2	94.21.212.231	lol
2	94.21.212.231	el o el
2	94.21.212.231	rofl
2	94.21.212.231	bla
2	94.21.212.231	Beyoncé
2	94.21.212.231	Miley Cyruse
2	94.21.212.231	Miley Cyrus
2	94.21.212.231	Cyrus
2	94.21.212.231	Obama
3	94.21.212.231	Trump
2	94.21.212.231	netflix
2	94.21.212.231	google
2	94.21.212.231	laposföld
2	94.21.212.231	lapos föld
2	94.21.212.231	chemtrail
2	94.21.212.231	gyíkember
2	94.21.212.231	cica
2	94.21.212.231	pina
2	94.21.212.231	pacal
6	94.21.50.176	vallásoktatás
5	94.21.212.231	kész zoltán
2	94.21.212.231	max weber
8	94.21.212.231	politológia
2	94.21.50.176	
47	94.21.50.176	szélsőjobb
2	94.21.50.176	szélsőjobb 1990
2	94.21.212.231	
1	78.92.181.33	emberi jogok
2	78.92.181.33	politológia
3	80.98.157.89	korrupció
2	80.98.157.89	Kommunista
2	80.98.157.89	Homoszexuális
2	80.98.157.89	Zsidó
3	160.114.44.1	euró
4	94.21.203.202	korrupció
71	94.21.203.202	komló
2	94.21.203.202	boda
2	94.21.203.202	boda paks
12	94.21.50.176	patakvér
2	94.21.50.176	dögkeselyűk
2	94.21.50.176	polgári közép
8	188.156.246.157	politikai kommunikáció
3	94.21.212.231	választás
2	94.21.212.231	választások
2	94.21.98.115	pörkölt
2	94.21.98.115	kábító
2	94.21.98.115	sör
2	94.21.98.115	bor
2	94.21.212.231	szavazás
3	178.48.214.228	Mészáros lőrinc
2	178.48.214.228	Oligarcha
4	188.156.246.157	pina
2	178.48.214.228	Nyugdíj
4	188.156.246.157	mell
4	94.21.203.202	boda radioaktiv
2	188.156.246.157	princiípium
2	188.156.246.157	princípium
2	178.48.214.228	Cafeteria
2	188.156.246.157	metál
2	178.48.214.228	Úrizálás
2	178.48.214.228	Urizálás
2	188.156.246.157	merkovity
2	178.48.214.228	Földesúr
2	188.156.246.157	Orbán
2	178.48.214.228	Stróman
2	178.48.214.228	Kivándorlók
2	178.48.214.228	Bevándorlók
2	178.48.214.228	Zaklatás
2	178.48.214.228	Vandál
2	178.48.214.228	Kórház
2	178.48.214.228	Iskola OR iskolák
2	178.48.214.228	Állami
2	178.48.214.228	Nemzeti
4	178.48.214.228	Olimpia
2	178.48.214.228	Kisemberek
2	178.48.214.228	Keményen dolgozó Kisemberek
2	178.48.214.228	Rezsicsökkentés
2	178.48.214.228	Pálinkafőzés
2	178.48.214.228	Alkoholizmus
2	178.48.214.228	Alkohol
2	80.99.106.161	hazaáruló
2	188.142.221.84	picsa
2	188.142.221.84	csöcs
2	188.142.221.84	szar
2	188.142.221.84	kaka
2	188.142.221.84	fos
2	188.142.221.84	szendvics
2	188.142.221.84	fing
1	160.114.41.208	soros györgy
1	92.249.203.88	emberi jogok
2	160.114.41.208	e sport
8	160.114.41.208	e-sport
2	160.114.41.208	kurva
2	86.59.156.102	derültség
3	86.59.156.102	kikérem magamnak
2	86.59.156.102	
2	86.59.156.102	Orbán Viktor
2	86.59.156.102	Szabad György
4	81.182.199.6	devizahitel
5	78.92.103.94	Ingatlan
4	149.200.11.247	derültség
2	149.200.11.247	Bajnai kormány
1	149.200.11.247	hazaáruló
3	84.225.207.21	veszélyes
3	84.225.207.21	csicska
2	84.225.207.21	bajszos
2	84.225.207.21	bajusz
2	84.225.207.21	szakáll
2	84.225.207.21	meleg
2	84.225.207.21	AIESEC
2	84.225.207.21	tolmacs
2	84.225.207.21	tolmács
2	84.225.207.21	Goodfriend
3	178.164.236.106	Goodfriend
6	178.164.236.106	sör
3	178.164.236.106	pálinka
1	178.164.236.106	tolmács
6	188.142.191.195	
1	89.133.18.198	felháborító
3	89.133.18.198	körmend
2	89.133.18.198	szentgotthárd
9	188.36.46.190	Elégséges
13	188.142.191.195	varga lászló
2	176.63.28.177	kristyánné
3	176.63.28.177	kozma péter
2	46.107.145.16	klerikális
2	46.107.145.16	komondor
5	5.38.174.214	Klímaváltozás
5	31.46.59.129	Politológia
2	31.46.59.129	
5	31.46.147.12	Védett természeti
6	188.142.220.66	hazaáruló
3	188.142.220.66	Geci
2	160.114.46.227	european union
2	160.114.46.227	európai unió
2	151.0.88.113	elszámoltatás
3	80.99.217.44	soros györgy
3	86.59.192.207	levelek
2	94.21.203.202	pécs
3	89.134.226.244	kormányváltás
5	89.134.226.244	demokrácia
17	84.206.42.142	törvénykezés
31	84.206.42.142	törvénykezés*
12	84.206.42.142	térdre
10	84.206.42.142	térdre imához
4	84.206.42.142	térdre imára
4	84.206.42.142	hazudik
10	84.206.42.142	kormány hazudik
4	84.206.42.142	kormány hazud*
4	84.206.42.142	kormány hazud
3	84.206.42.142	kormány hazudott
2	84.206.42.142	infoszolg
2	84.206.42.142	infoszolg*
2	84.206.42.142	információs szolgálat
2	84.206.42.142	képviselői információs szolgálat
2	84.206.42.142	parlamenti információs szolgálat
2	89.134.226.244	Ruszkik haza
9	89.134.226.244	Orbán felszólalás
2	84.206.42.142	kikérem magamnak
8	193.6.51.194	1995. évi XCIII
2	84.206.42.142	derültség
4	84.206.42.142	elszámoltatás
2	84.206.42.142	liberális
2	84.206.42.142	gulyás
2	84.206.42.142	állattenyésztés
3	84.206.42.142	ilkei
3	84.206.42.142	bős-nagymaros
2	176.63.21.125	hazaáruló
2	176.63.21.125	balról
2	176.63.21.125	felzúdulás
2	176.63.21.125	közbeszólás
2	176.63.21.125	kurva
2	176.63.21.125	
3	176.63.21.125	derültség
2	84.206.42.142	euro
2	84.206.42.142	kannabisz
4	84.206.42.142	részvényes
9	84.206.42.142	részvényes*
4	84.206.42.142	műemlék*
4	84.206.42.142	pénzmosás*
5	84.206.42.142	v4
2	84.206.42.142	bűnügyi jogsegély*
5	84.206.42.142	börtön*
2	88.8.178.158	nix ugribugri
5	62.77.223.174	lakás
2	176.77.134.69	hazaáruló
2	91.104.151.45	derültség
8	91.104.151.45	Gyerekszob
2	84.0.41.183	derültség
5	91.104.151.45	Gyerekszoba
2	84.0.41.183	kikérem magamnak
6	188.6.201.193	stróman
2	109.105.18.157	NATO
2	84.0.41.183	rezsicsökkentés
2	62.77.223.174	chemtrail
6	62.77.223.174	pető
2	62.77.223.174	oltás
2	195.184.24.52	hazaáruló
4	62.77.223.174	dugó
2	62.77.223.174	cigány
4	62.77.223.174	jobbik
2	62.77.223.174	zsidó
22	188.6.201.193	Soros György
2	62.77.223.174	Orbán
2	62.77.223.174	lakhatás
2	62.77.223.174	önkormányzati
2	62.77.223.174	környezet
2	188.6.201.193	Brüsszel
2	37.220.133.81	Sátoraljaújhely
7	188.6.201.193	Mondjon le
2	37.220.133.81	Börtön
4	37.220.133.81	Büntetés-végrehajtás
31	37.220.133.81	Orosz
7	37.220.133.81	Fogvatartás
4	37.220.133.81	Orbán Viktor
4	37.220.133.81	Trianon
4	37.220.133.81	Kreativitás
6	193.6.51.194	kútfúrás
2	130.43.214.86	Náci
2	176.63.22.127	soros györgy
2	130.43.214.86	Trianon
3	130.43.214.86	Pláh
4	130.43.214.86	Oláh
82	84.2.59.70	Kiskunfélegyháza
2	139.191.247.3	kikérem magamnak
3	89.135.108.100	lakás
4	89.135.108.100	Cseres
2	80.251.178.106	korrupció
8	80.251.178.106	
9	80.251.178.106	jogállam
2	80.251.178.106	csaló
2	80.251.178.106	geci
2	84.1.213.252	migráció
4	212.96.46.82	
2	212.96.46.82	tölgyessy
3	157.181.13.99	szégyen
2	157.181.13.99	bocsánat
2	157.181.13.99	sajnálom
2	157.181.13.99	zsidó
2	157.181.13.99	hajléktalan
2	157.181.13.99	fogyatékkal élő
2	157.181.13.99	migráns
5	84.206.42.2	világkiállítás
19	89.132.180.207	kommunista
3	89.132.180.207	biszku
8	89.132.180.207	ügynök
2	195.199.249.161	Komló
7	89.132.180.207	III/III
2	89.132.180.207	felelősségre vonás
2	195.199.223.158	komló
5	176.63.22.178	Hegedüs
2	89.132.180.207	kommunista bűn
2	77.234.86.246	Komló
3	176.63.22.178	Cigány
1	176.63.22.178	
3	94.21.47.13	Komló
7	176.63.22.178	Komló
2	37.76.38.234	Murony
2	2.45.95.45	Paks
2	77.110.162.109	Szászvár
2	37.76.43.111	Komló
2	77.110.162.109	klaudió
2	89.135.177.21	rezsicsökkentés
2	89.135.177.21	infláció
2	89.135.177.21	gázár
2	89.135.177.21	munkanélküli
2	89.135.177.21	keresztényüldözés
2	89.135.177.21	trianon
3	194.38.121.101	derültség
5	194.38.121.101	Tiszavasvári
4	193.151.118.77	Sásd
2	176.77.134.87	Iker
2	176.77.134.87	Oroszbarát
2	74.139.227.83	Balliberalis
2	74.139.227.83	Zsido
2	74.139.227.83	Tevedtem
6	5.38.174.214	karácsony
4	5.38.174.214	karácsonyt
2	37.76.116.53	derültség
2	188.143.58.240	derültség
2	37.76.116.53	Halál
4	37.76.116.53	Béke
2	37.76.116.53	Megeggyezés
2	37.76.116.53	Kurva
2	37.76.116.53	Infláció
4	5.38.174.214	boldog karácsonyt
2	37.17.160.140	Fasz
2	81.182.142.160	migráció
1	130.43.197.19	korrupció
2	5.38.174.214	orbán
2	37.17.160.140	Komló
2	85.66.137.33	migráció
2	5.38.174.214	zene
4	130.43.197.19	Orfű
4	5.38.174.214	kórus
4	5.38.174.214	
3	84.225.206.27	korrupció
8	130.43.197.19	Pécsi tó
3	109.61.109.134	komló
7	37.17.163.250	komló
1	31.46.65.177	euró
3	37.76.56.116	Páty
1	78.131.95.130	soros györgy
2	78.131.95.130	Komló
4	176.63.20.115	Kunbaja
2	89.132.180.207	euró
9	176.63.20.115	Komló
5	176.63.20.115	KónyA
4	176.63.20.115	Kónya
6	78.131.1.91	komló
6	176.63.20.115	budapest
8	176.63.20.115	Bácsalmás
5	88.132.181.142	zsidó
2	88.132.181.142	keresztény
2	88.132.181.142	polgár
7	88.132.181.142	magyar
2	88.132.181.142	magyarság
2	88.132.181.142	idegen
2	88.132.181.142	határon túli
2	88.132.181.142	Kárpát
2	88.132.181.142	Kárpát-medence
2	88.132.181.142	demokrácia
2	88.132.181.142	diktatúra
2	88.132.181.142	orosz
2	88.132.181.142	Putyin
2	88.132.181.142	hadsereg
2	88.132.181.142	vicc
2	88.132.181.142	orbán
5	176.63.20.115	soros györgy
2	88.132.181.142	facebook
2	88.132.181.142	Trump
2	88.132.181.142	hvg
2	88.132.181.142	propaganda
5	176.63.20.115	migráció
4	176.63.20.115	fidesz
4	176.63.20.115	náci
6	176.63.20.115	szar
5	176.63.20.115	fos
6	176.63.20.115	geci
4	84.206.42.2	
5	37.76.49.169	Erdèly triannon
6	176.63.20.115	fasz
6	176.63.20.115	meleg
7	176.77.135.8	Komló
7	37.76.49.169	Cigàny
2	193.6.177.225	mondjon le
4	193.6.201.128	múzeum
1	193.6.201.128	hazaáruló
2	193.6.201.128	könyvtár
2	176.77.135.8	Beregsurány
1	81.182.145.115	költségvetés
4	81.182.145.115	bőhm
10	89.147.69.1	komló
3	92.249.143.173	KOMLÓ
4	176.63.26.26	Gyermekvédelem
4	87.101.117.18	Kurva
2	92.249.248.210	elvira
3	217.65.125.72	patkánycsödör
4	217.65.125.72	hazaáruló
4	217.65.125.72	zsidó
2	217.65.125.72	kurva
5	176.77.141.94	Nyugdíj összege
3	217.65.125.72	baszd meg
4	217.65.125.72	kun béla
4	217.65.125.72	görgei artúr
3	84.0.25.91	emberi jogok
3	217.65.125.72	illiberális
2	84.0.25.91	költségvetés
4	217.65.125.72	nyilas
4	176.77.136.120	Elvira major
3	176.77.136.120	Génbank
1	88.132.27.232	NATO
3	88.132.27.232	Mondjon le
1	31.46.87.159	migráció OR migráns
6	217.20.130.254	soros
51	217.20.130.254	index
2	188.157.71.93	demokrácia
2	84.206.25.236	Pétfürdő
1	176.63.97.250	migráció
3	84.206.25.236	Bakonynána
4	213.229.183.42	NATO
2	84.206.25.236	Tés
2	84.206.25.236	história
3	195.38.113.208	Kagi
2	84.206.25.236	torgyán
2	84.206.25.236	bika
2	37.76.7.34	Magyarhertelend
4	37.76.7.34	Balatonalmádi
5	84.206.25.236	magánnyugdíj pénztár
2	77.111.96.90	korrupció
2	37.76.111.134	hazaáruló
2	194.143.230.34	nix ugribugri
2	93.104.30.81	Orban
2	93.104.30.81	Soros
4	93.104.30.81	
2	93.104.30.81	poros
2	176.63.24.192	mocskos
2	93.104.30.81	Csernobil
5	80.99.117.57	Trianon
3	176.77.129.93	Börtön
6	80.99.117.57	Erdély
2	176.63.26.179	szar
11	80.99.117.57	határon túli
4	176.77.129.93	Bilincs
3	178.48.162.223	Geci
2	176.77.129.93	Kukac
2	93.104.30.81	Geloczi
2	93.104.30.81	Heltai
2	176.77.129.93	Szar
4	93.104.30.81	Németország
2	80.99.117.57	határon túl
2	80.99.117.57	Európai
3	80.99.117.57	egyház
2	37.76.66.172	derültség
2	178.48.160.103	hazaáruló
2	185.161.73.140	áruló
2	185.161.73.140	tolvaj
2	185.161.73.140	lopnak
4	93.189.115.110	csicska
2	81.183.39.220	körülmetél
2	81.183.39.220	fity
2	81.183.39.220	fasz
2	81.183.39.220	lo
2	81.183.39.220	zsidó
2	84.206.25.236	jedi
2	81.183.39.220	náci
4	81.183.39.220	mszmp
2	84.206.25.236	darth vader
3	77.111.96.90	migráns
2	84.206.25.236	vader
2	84.206.25.236	darth
2	77.111.96.90	nix ugribugri
2	93.189.115.110	covfefe
2	84.206.25.236	halálcsillag
2	84.206.25.236	vajna
2	84.206.25.236	hajdú péter
2	84.206.25.236	sarka
3	176.63.176.101	geci
2	84.206.25.236	sarka kata
2	93.189.115.110	rumcájsz
2	93.189.115.110	ramazuri
4	93.189.115.110	balhé
9	82.4.76.229	Kaki
2	176.63.176.101	pacal
5	212.96.59.212	korrupció
3	217.20.130.254	bérenc
3	85.66.216.250	nagy andrás
2	176.63.176.101	kolbász
3	176.63.176.101	pörkölt
2	93.189.115.110	fos
2	93.189.115.110	kuki
2	93.189.115.110	puni
3	176.63.176.101	
16	212.96.59.212	drog
2	176.63.176.101	puni
3	146.110.141.121	Matyi
2	77.111.96.90	emberi jogok
2	178.164.134.166	kurva
2	178.164.134.166	titkos
2	178.164.134.166	titkosított
2	178.164.134.166	akták
2	178.164.134.166	mszmp
3	77.111.96.79	emberi jogok
2	178.164.134.166	3/3
2	178.164.134.166	3/3%+
3	178.164.134.166	hattyú
1	77.111.96.79	költségvetés
2	176.63.24.192	bevándorláspárti
2	176.63.22.79	nix ugribugri
2	178.164.134.166	vízibicikli
4	212.96.59.212	kábítószer
2	178.164.134.166	aranyháromszög
2	176.63.22.79	patakvér
2	176.63.24.192	fasz
2	178.164.134.166	háromszög
2	176.63.24.192	fasza
2	178.164.134.166	pornó
2	178.164.134.166	porn
4	176.63.24.192	pufajkás
2	178.164.134.166	porno
2	176.63.176.101	segg
2	178.164.134.166	leszbikus
2	178.164.134.166	meleg
2	178.164.134.166	transz
2	176.63.176.101	útelágazódás
2	178.164.134.166	galamb
2	178.164.134.166	mese
2	178.164.134.166	lárifári
8	84.236.51.120	soros györgy
4	77.111.96.90	buzi
2	77.111.96.90	kurva
2	77.111.96.90	köcsög
2	178.164.134.166	vicc
2	77.111.96.90	basz
2	77.111.96.90	baszd
8	84.236.51.120	mihályfalvi
4	84.236.51.120	krakus
2	178.164.134.166	lúdas matyi
2	178.164.134.166	döbrögi
3	84.236.51.120	kosárlabda
2	178.164.134.166	blood
2	178.164.134.166	vér
2	176.63.176.101	virsli
2	77.111.96.90	fasz
2	178.164.134.166	ismerős arcok
4	77.111.96.90	
2	77.111.96.90	pina
3	81.183.39.220	gyurcsány
4	178.164.134.166	egy vérből valók
2	77.111.96.90	szar
4	77.111.96.90	anyád
2	77.111.96.90	anyátok
2	77.111.96.90	anyátokat
3	176.77.136.51	Medvegy
2	178.164.134.166	lol
5	176.63.176.101	barna kenyér
4	176.77.136.51	Pina
2	178.164.134.166	fuck
2	178.164.134.166	segg
2	176.77.136.51	Geci
4	89.186.112.178	migráció
2	77.111.96.90	anyádat
2	176.77.136.51	Fasz
4	176.77.136.51	Köcsög
2	89.186.112.178	Fasz
6	176.63.176.101	kurva
2	89.186.112.178	Hordó
3	176.77.136.51	Zsidó
1	178.164.134.166	derültség
2	77.111.96.79	Elkúrtuk
2	178.164.134.166	kompromisszum
2	178.164.134.166	együttműködés
27	89.186.112.178	Bekiabálás
4	178.164.134.166	megállapodás
2	178.164.134.166	vélemény
3	77.111.96.79	Lógni
2	178.164.134.166	higgadt
2	93.189.115.110	döglégy
3	176.77.136.51	Simicska
2	93.189.115.110	dög
2	178.164.134.166	megvitat
2	178.164.134.166	párbeszéd
2	178.164.134.166	állapodjunk
5	178.164.134.166	állapodjunk meg
2	93.189.115.110	argentin
2	77.111.96.79	Akasztó
2	178.164.134.166	béke
2	178.164.134.166	hangos
2	176.63.176.101	pöcs
2	178.164.134.166	hazaáruló
2	178.164.134.166	hazaárulás
7	176.63.176.101	fasz
2	178.164.134.166	nem értek egyet
1	134.255.99.208	kormányváltás
6	176.77.136.51	Soros
6	178.164.134.166	indítvány
4	89.134.37.174	Nyugdíjas
2	178.164.134.166	határozat
2	178.164.134.166	fidesz
2	93.189.115.110	kokain
2	178.164.134.166	törvény
2	178.164.134.166	kormányrendelet
2	178.164.134.166	képviselő
2	178.164.134.166	képviselőasszony
6	178.164.134.166	asszony
2	178.164.134.166	nők
2	178.164.134.166	kórház
2	178.164.134.166	egyetem
2	178.164.134.166	középiskola
2	178.164.134.166	gimnázium
1	176.63.22.241	demokrácia
2	178.164.134.166	egészségügy
2	178.164.134.166	csengő
2	178.164.134.166	kalapács
2	178.164.134.166	kommunista
2	178.164.134.166	náci
2	178.164.134.166	hungarista
2	178.164.134.166	horogkereszt
2	178.164.134.166	hölgy
2	178.164.134.166	pacal
2	46.107.171.151	zöld
2	78.92.145.201	tiltakozom
2	46.107.171.151	környezet
2	178.164.134.166	kolbász
7	46.107.171.151	mészáros
2	178.164.134.166	hurka
2	178.164.134.166	internet
2	178.164.134.166	facebook
8	178.164.134.166	google
2	78.92.145.201	tocsik
2	78.92.145.201	utódpárt
2	78.92.145.201	mondjon le
3	130.43.215.222	korrupció
2	78.92.145.201	államadósság
4	130.43.215.222	Jaffa
2	78.92.145.201	hazaáruló
108	176.63.24.192	internet
2	198.102.219.143	horn gyula
2	198.102.219.143	antall józsef
4	198.102.219.143	bibó istván
2	198.102.219.143	klímaváltozás
2	198.102.219.143	felmelegedés
2	198.102.219.143	éghajlat
2	198.102.219.143	balatoni kerékpárút
2	198.102.219.143	kerékpárút
2	198.102.219.143	minek ment oda
2	198.102.219.143	érettségi
2	198.102.219.143	nyelvvizsga
4	198.102.219.143	migráció
3	89.133.246.61	korrupció
2	37.76.100.150	korrupció
3	84.236.51.120	somogyért
8	84.236.51.120	kaposvár
2	188.156.62.107	Komló
2	80.138.26.22	Paks
2	176.157.200.65	geci
3	84.225.201.87	Soros György
7	89.135.41.211	soros györgy
3	213.222.165.253	cickány
2	213.222.165.253	szemét
4	84.225.201.87	Fasz
2	213.222.165.253	rabszolga
3	84.225.201.87	Geci
2	213.222.165.253	szeretet
2	213.222.165.253	drog
2	213.222.165.253	kábítószer
2	213.222.165.253	becsület
2	176.157.200.65	kalap
3	84.225.201.87	Szia, uram
2	178.164.134.166	otthonápolás
5	5.38.174.214	eper
2	178.48.162.223	culáger
2	178.48.162.223	lófasz
2	178.48.162.223	zsidó*
2	178.48.162.223	zsidó
3	178.48.162.223	fasz*
2	178.48.162.223	lófasz*
4	178.48.162.223	himpellér
2	178.48.162.223	himpellér*
4	178.48.162.223	bumburnyák*
2	5.38.174.214	pornográfia
5	178.48.162.223	mutyi
2	178.48.162.223	mutyi*
2	178.48.162.223	parancsuralmi
2	5.38.174.214	kiskakukk
3	5.38.174.214	pénz
2	5.38.174.214	brüsszeo
6	5.38.174.214	brüsszel
5	5.38.174.214	abúzus
2	5.38.174.214	oktogon
2	178.48.162.223	cupák
2	178.48.162.223	cupák*
21	89.134.62.13	derültség
2	178.48.162.223	csintalan
2	213.16.65.230	cigány
2	178.48.162.223	nutella
4	178.48.162.223	nutell*
2	178.48.162.223	popcorn
2	213.16.65.230	zsidó
2	178.48.162.223	pop corn
2	213.16.65.230	náci
2	178.48.162.223	pop-corn
2	213.16.65.230	fasz
2	178.48.162.223	popcorn*
2	213.16.65.230	pina
2	213.16.65.230	bazd meg
16	178.48.162.223	internet*
2	213.16.65.230	baszd meg
2	213.16.65.230	atom
2	213.16.65.230	sör
2	178.48.162.223	android
2	178.48.162.223	android*
2	178.48.162.223	iphone*
2	178.48.162.223	sukoró*
2	178.48.162.223	orbán
2	178.48.162.223	fütyi*
2	178.48.162.223	*fütyi*
6	178.48.162.223	fütykös
2	178.48.162.223	fütykös*
23	178.48.162.223	taláros testület
2	178.48.162.223	kópé
4	178.48.162.223	pernahajder
2	178.48.162.223	alpesi valuta
2	178.48.162.223	gender*
2	178.48.162.223	pisil*
4	178.48.162.223	derültség
2	178.48.162.223	bögyörő*
2	178.48.162.223	*bögyörő*
2	178.48.162.223	puzsér
2	80.99.72.148	eu
2	178.48.162.223	pajkos
2	178.48.162.223	majré*
2	178.48.162.223	hacacáré*
4	178.48.162.223	hacacáré
8	178.48.162.223	pestiesen
2	188.142.210.29	ügynök
2	188.142.210.29	strabag
2	188.142.210.29	simicska
2	188.142.210.29	bige
2	188.142.210.29	zsidó
2	188.142.210.29	kizsákmányol
4	178.48.162.223	panelproli
3	178.48.162.223	panelproli*
2	80.98.190.180	mondjon le
2	178.48.162.223	gengszterváltás
2	178.48.162.223	zsidóbűnözés
2	178.48.162.223	zsidóság
2	78.139.51.251	anyád
2	178.48.162.223	izraelita
3	91.82.110.62	reisz t. csaba
2	78.139.51.251	tisztelettel
2	178.48.162.223	hitsorsos
2	178.48.162.223	hitsorsos*
2	78.139.51.251	tisztelet
4	178.48.162.223	ahogy mifelénk
2	78.139.51.251	méltó
2	178.48.162.223	'ahogy mifelénk mondják'
2	178.48.162.223	'mifelénk mondják'
2	78.139.51.251	oktatás
2	178.48.162.223	mifelénk mondják
2	178.48.162.223	népiesen szólva
2	178.48.162.223	landesmann
2	178.48.162.223	landeszmann
2	178.48.162.223	gyalázatos
2	178.48.162.223	baszd
2	178.48.162.223	félkarú
7	178.48.162.223	dakota
2	86.101.84.53	csősz
2	178.48.162.223	444
2	93.189.115.110	jugoszláv
2	178.48.162.223	segg
2	178.48.162.223	segg*,
2	178.48.162.223	segg*
4	93.189.115.110	ló
2	178.48.162.223	potter
2	178.48.162.223	harry potter
2	93.189.115.110	teve
2	93.189.115.110	kecske
2	93.189.115.110	macska
2	139.191.247.3	kérem szépen
2	93.189.115.110	medve
4	139.191.247.3	csendet
2	139.191.247.3	Széchenyi
2	139.191.247.3	Európai Bizottság
2	93.189.115.110	pacal
2	139.191.247.3	Európai Parlament
2	139.191.247.3	Sargentini
4	178.48.162.223	nem a bútort kell lecserélni
2	139.191.247.3	Torgyán Józseg
2	139.191.247.3	Torgyán József
2	139.191.247.3	cseresznye
2	178.48.162.223	nem a bútort kell
2	93.189.115.110	sajt
2	178.48.162.223	'nem a bútort kell'
2	178.48.162.223	+nem a bútort kell
2	139.191.247.3	Orbán Viktor
2	139.191.247.3	Gyurcsány Ferenc
2	178.48.162.223	pókhasú
2	139.191.247.3	SZDSZ
2	178.48.162.223	haspók
2	178.48.162.223	haspók*
2	139.191.247.3	liberális
2	178.48.162.223	postabank
2	139.191.247.3	illiberális
2	178.48.162.223	duolingo
2	139.191.247.3	Kossuth
2	178.48.162.223	nincs ingyen ebéd
2	139.191.247.3	Baross
2	139.191.247.3	Eötvös
2	178.48.162.223	söjtöri
2	178.48.162.223	metélt
2	178.48.162.223	antiszemitizmus
3	178.48.162.223	teringettét
2	93.189.115.110	harcsa
2	94.27.255.148	pornó
2	94.27.255.148	kurva
2	94.27.255.148	orbán
3	94.27.255.148	tisztelt
2	130.43.222.158	takony
3	94.27.255.148	az
2	130.43.222.158	uborka
3	93.189.115.110	klímaváltozás
4	86.101.84.53	tocsik
2	130.43.222.158	szanatórium
2	86.101.84.53	gálvölgyi
2	86.101.84.53	mondjon le
6	78.139.63.130	soros györgy
4	37.76.53.98	Mutyi
2	37.76.53.98	Lop
2	37.76.53.98	Közpénz
2	37.76.53.98	Úr
3	79.171.128.45	abortusz
3	37.76.53.98	Vona
2	79.171.128.45	pálinka
3	79.171.128.45	pálinka terméktanács
3	79.171.128.45	gripen
3	84.225.199.36	fasz
2	84.225.199.36	kurva
2	84.225.199.36	buzi
2	77.111.96.82	migráns
3	84.2.255.249	kormányváltás
3	37.76.118.221	Euró bevezetése
2	89.132.77.161	hazaáruló
3	176.63.29.99	Zsidó
3	84.225.199.36	tickething
7	89.133.232.195	Vargha Tamás
2	31.46.253.181	Nokedli
2	31.46.253.181	Kaki
2	31.46.253.181	Trutymó
2	80.99.46.168	korrupció
3	31.46.253.181	Körmend
2	80.99.46.168	Viagogo
2	80.99.46.168	24.hu
2	31.46.253.181	Hegyhátsál
4	31.46.253.181	Kosárlabda
7	31.46.253.181	Kosár
2	78.139.18.42	Komló
9	31.46.253.181	Foci
4	178.48.162.223	kaki
10	178.48.162.223	pöcs
2	176.63.29.99	Ngo
2	78.139.18.42	Beregszász
4	176.63.29.99	civil szervezetek
2	178.48.162.223	pudva
2	178.48.162.223	pudvás
4	78.139.18.42	Tanú
3	78.139.18.42	Jehova Tanúi
2	178.48.162.223	hancúr*
2	178.48.162.223	hancúrlacc
2	178.48.162.223	hancúrplacc
2	178.48.162.223	hancúrplacc*
2	178.48.40.161	korrupció
2	80.99.46.168	24.hu hiroldal
2	80.99.46.168	24.hu hir
2	94.21.153.215	móri
2	31.46.253.181	Péntek
4	94.21.153.215	derültség
4	31.46.253.181	
2	194.228.207.178	rezsicsökkentés
6	178.48.162.223	dínomdánom*
3	31.46.253.181	Töpörtyű
4	31.46.253.181	Bonanza
4	31.46.253.181	Lego
2	151.0.85.27	soros györgy
3	31.46.253.181	Kicsi Lego
2	5.38.218.163	Miskolc
2	5.38.218.163	Boldva
2	31.46.253.181	Pina
2	5.38.218.163	Fónagy
6	31.46.253.181	Fasz
4	31.46.253.181	Buzi
2	5.38.218.163	Uránváros
2	5.38.218.163	Tiszaújváros
4	31.46.253.181	Kuruc
2	31.46.253.181	Pizza
2	31.46.253.181	Nőnemű
3	5.38.218.163	Voldemort
2	194.143.230.46	füge
3	194.143.230.46	kuncze eltakarja
2	5.38.218.163	Köcsög
3	5.38.218.163	Furik
2	178.48.211.1	Orbán
2	178.48.211.1	Komló
2	178.48.211.1	Mánfa
2	178.48.211.1	Magyarszék
5	176.77.132.204	korrupció
3	185.221.141.154	soros györgy
2	185.221.141.154	euró
2	185.221.141.154	
2	185.221.141.154	kurva
4	176.77.132.204	liberális
4	176.77.132.204	fasz
18	176.77.132.204	kétfarkú
8	95.7.213.243	iszlám
4	176.77.132.204	kétfarkú kutya
9	5.204.209.14	Nagymaros
3	195.228.126.67	kutatás
4	176.63.31.2	homokos
2	176.63.31.2	buzi
2	188.156.92.21	ozora
4	188.156.92.21	mentőszolgálat
17	176.63.31.2	homoszexuális
43	81.183.120.38	költségvetés
2	81.183.120.38	
2	81.183.120.38	közzététel
6	188.143.81.158	korrupció
4	188.143.81.158	emberi jogok
2	176.63.28.38	pécs
2	176.63.28.38	patacs
2	176.63.28.38	zsebedomb
2	176.63.28.38	miklós
2	81.22.231.182	Vargha Tamás
6	46.139.103.155	kormányváltás
2	91.146.162.28	Szia
1	188.143.81.158	soros györgy
3	91.146.162.28	Bazdmeg
2	91.146.162.28	Kurva
2	91.146.162.28	Fasz
2	91.146.162.28	
3	91.146.162.28	Bazd
2	91.146.162.28	Hazárulás
2	91.146.162.28	Hazaárulás
3	91.146.162.28	Orbán
2	46.139.103.155	orbán viktor
4	91.146.162.28	Komló
3	31.46.194.122	G. Nagyné Maczó Ágnes
4	94.21.230.50	Simicska
4	94.21.230.50	Vuitton
6	94.21.230.50	Pelenka
12	94.21.230.50	Ráchel
3	94.21.230.50	Ráhel
2	85.67.99.151	migráció
2	141.0.12.99	korrupció
2	141.0.12.99	Fasiszta
2	141.0.12.99	Zsidó
2	141.0.12.99	Fütyi
2	141.0.12.99	Pénisz
2	141.0.12.99	Vagina
8	141.0.12.99	Punci
2	141.0.12.99	Pina
2	141.0.12.99	Gyurcsány
2	176.63.31.2	lmbt
2	176.63.31.2	internet
2	176.63.31.2	okostelefon
2	82.145.221.111	Gyurcsány
1	82.145.223.13	Gyurcsány
4	84.3.24.100	korrupció
9	176.63.31.2	soros györgy
7	176.63.31.2	hitler
2	85.48.184.86	Momentum
4	85.48.184.86	Torgyán
7	176.63.31.2	jobbik
2	176.63.31.2	denevér
2	176.63.31.2	zsidó
16	176.63.31.2	mészáros lőrinc
4	176.63.31.2	tiborcz istván
14	176.63.22.35	punk
2	176.63.22.35	eminem
2	176.63.22.35	rap
2	176.63.22.35	dopeman
2	176.63.22.35	gulyás márton
2	176.63.22.35	techno
2	37.76.34.45	Migránss
2	37.76.34.45	Migráns
2	37.76.34.45	Oligarcha
2	176.63.31.2	számítógép
2	176.63.31.2	multimédia
2	176.63.31.2	csuhások
2	176.63.31.2	putyin
6	176.63.31.2	merkel
1	94.21.122.69	soros györgy
3	94.21.122.69	gdpr
8	84.236.64.107	migráció OR migráns
7	37.191.39.197	fidesz
2	84.236.64.107	Oktatás
2	84.236.64.107	Egészség
2	84.2.99.60	patakvér
4	84.0.102.184	Kozmosz
10	85.48.184.86	Féreg
2	85.48.184.86	Soros
6	94.21.253.66	földrajz
2	94.21.253.66	földrajztudomány
8	94.21.253.66	kritikai földrajz
2	94.21.253.66	térbeli egyenlőtlenségek
4	94.21.253.66	térbeli egyenlőtlenség
1	194.176.227.62	euró
6	94.21.253.66	területi egyenlőtlenség
10	94.21.253.66	regionális egyenlőtlenség
2	94.21.253.66	európai unió
2	94.21.253.66	magyar tudományos akadémia
2	82.145.223.6	Gyurcsány
11	217.91.16.35	derültség
2	78.139.15.138	keresztényüldözés
2	188.156.79.108	életméletminőség
8	82.145.221.128	Gyurcsány
3	188.156.79.108	életminőség
5	78.131.66.208	Migráns
3	79.122.46.204	korrupció
2	188.156.79.108	Keresztényüldözés
2	92.249.233.5	horn gyula
2	92.249.233.5	rezsicsökkentés
1	178.48.162.223	korrupció
2	178.48.162.223	fasz
4	178.48.162.223	kurva
2	178.48.162.223	kibaszott
2	178.48.162.223	pecér
2	178.48.162.223	sivalkodik
2	178.48.162.223	sivalkodás
2	178.48.162.223	baszadék
2	178.48.162.223	juhú
2	178.48.162.223	élemedett
2	178.48.162.223	taláros
2	178.48.162.223	örömlálny
2	178.48.162.223	örömlán
2	178.48.162.223	örömlány
2	178.48.162.223	kéjelgés
6	178.48.162.223	pénisz
2	178.48.162.223	fütyi
4	178.48.162.223	genitália
4	178.48.162.223	nemi szerv
2	178.48.162.223	punci
2	178.48.162.223	vagina
2	85.48.184.86	Kaki
2	178.48.162.223	maszturbáció
2	178.48.162.223	maszturbálás
2	178.48.162.223	maszturbálni
2	178.48.162.223	maszturbál
2	178.48.162.223	simafejű főhadnagy
2	178.48.162.223	simafejű
11	85.48.184.86	Illiberális
2	178.48.162.223	kéjléc
2	178.48.162.223	hímbuzogány
2	178.48.162.223	buzogány
2	178.48.162.223	pöcsfej
4	178.48.162.223	geci
2	178.48.162.223	faszjankó
2	85.48.184.86	Hazaáruló
4	178.48.162.223	szarjankó
2	178.48.162.223	szar
2	178.48.162.223	szarfej
2	178.48.162.223	szarjanó
2	85.48.184.86	Pufajkás
2	178.48.162.223	sudribunkó
2	178.48.162.223	nyomorettó
2	178.48.162.223	nyomi
2	85.48.184.86	Csomag
2	178.48.162.223	orgazmus
2	178.48.162.223	pornó
2	85.48.184.86	Migráns
2	178.48.162.223	hímpellér
2	178.48.162.223	kokettál
2	178.48.162.223	kvaterkázik
2	178.48.162.223	geciláda
2	178.48.162.223	geciputtony
2	178.48.162.223	fasztarisznya
2	178.48.162.223	faszzsák
2	176.63.26.170	derültség
6	178.48.162.223	szarzsák
2	176.63.26.170	tisztesség
2	176.63.26.170	térdre
2	176.63.26.170	migráns
41	176.63.26.170	migráció
8	176.63.26.170	stróman
2	85.48.184.86	Pufajka
2	85.48.184.86	Népnyúzó
4	85.48.184.86	Pacal
2	85.48.184.86	Rezsiharc
2	85.48.184.86	Rezsi
2	176.63.26.170	papagájkommandó
2	85.48.184.86	Brüsszel
2	176.63.26.170	hazudik
2	176.63.26.170	hazugság
2	176.63.26.170	tiborcz
2	176.63.26.170	veje
2	176.63.26.170	vő
2	176.63.26.170	szégyellje magát
4	176.63.26.170	szégyelljék magukat
6	176.63.26.170	szégyellem magam
6	176.63.26.170	nem szégyellik magukat?
2	176.63.26.170	nem
2	176.63.26.170	nem!
2	176.63.26.170	nem szégyellem
2	176.63.26.170	szégyellje magát!
2	176.63.26.170	rohadék
2	188.6.2.130	hazaáruló
2	188.6.2.130	lárifári
2	176.63.26.170	útelágazódás
6	130.43.216.124	szex
2	130.43.216.124	abortusz
2	130.43.216.124	pristitúció
5	130.43.216.124	prostitúció
4	130.43.216.124	szoptatàs
4	130.43.216.124	Óvoda
2	94.21.50.176	családeszmény
6	94.21.50.176	gyűlöletbeszéd
4	94.21.230.50	Almaleves
10	94.21.230.50	Lecsó
3	37.76.46.131	soros györgy
4	37.76.46.131	schiffer
2	94.248.145.219	Hazaáruló
4	94.248.145.219	Nagy István
4	84.236.72.140	kiserdp
5	84.236.72.140	kiserdő
2	178.48.162.223	kátyúk
2	178.48.162.223	szupersztráda
2	178.48.162.223	információs szupersztráda
2	178.48.162.223	picsa
3	178.48.162.223	láthatatlan alkotmány
6	178.48.162.223	narancsuralmi
19	178.48.162.223	narancsuralmi rendszer
2	178.48.162.223	vak komondor
2	178.48.162.223	pestiesen mondva
7	178.48.162.223	pestiesen szólva
2	178.48.162.223	nem a bútort
2	178.48.162.223	+bútort +lecserélni
2	178.48.162.223	damaszkuszi
2	178.48.162.223	jákób
9	94.21.230.50	Halászlé
1	94.21.86.174	kompromisszum
1	94.21.86.174	felháborító
1	94.21.86.174	kikérem magamnak
1	94.21.86.174	derültség
1	94.21.86.174	trianon
1	94.21.86.174	rezsicsökkentés
1	94.21.86.174	keresztényüldözés
1	94.21.86.174	polgári Magyarország
1	94.21.86.174	száz lépés
2	94.21.86.174	elszámoltatás
1	94.21.86.174	nix ugribugri
4	92.249.194.194	szegény
2	193.224.76.224	bunkó
2	92.249.138.164	Komló
4	178.48.162.223	kurvapecér
2	178.48.162.223	haha
4	178.48.162.223	hahaha
2	178.48.162.223	hahahaha
4	178.48.162.223	hihi
2	178.48.162.223	hihihi
2	178.48.162.223	hoho
6	178.48.162.223	hohoho
21	195.228.66.194	pina
2	195.228.66.194	csicska
2	195.228.66.194	fasz
2	195.228.66.194	mingráns
2	195.228.66.194	migráns
2	195.228.66.194	Soros
2	195.228.66.194	brüsszel
4	195.228.66.194	nuni
2	195.228.66.194	kurva
2	195.228.66.194	buzi
2	195.228.66.194	anyád
2	195.228.66.194	geci
2	195.228.66.194	mom
1	185.46.214.76	emberi jogok
2	185.46.214.76	
8	185.46.214.76	kőszeg ferenc
2	195.228.66.194	ferenczy
2	195.228.66.194	puni
2	195.228.66.194	kaki
2	5.38.178.8	patakvér
2	5.38.178.8	cncp
2	5.38.178.8	gazprom
2	5.38.178.8	letelepedési
4	5.61.240.241	elkurtuk
5	5.61.240.241	útelágazódás
2	5.61.240.241	anya
35	195.228.126.67	horn
3	5.61.240.241	ló
2	5.61.240.241	MVM NET
2	5.61.240.241	MVM
2	5.61.240.241	450
2	5.61.240.241	LTE
10	5.61.240.241	5g
38	160.114.46.221	privatizáció
2	5.61.240.241	adatközpont
2	5.61.240.241	tisztelt
4	188.142.190.16	micisapka
4	5.61.240.241	
2	5.61.240.241	nép
4	5.61.240.241	pingvin
2	89.132.180.207	KOMMUNISTA
3	5.38.201.3	soros
2	5.61.240.241	mdk
4	5.61.240.241	miskolc digitális
2	5.61.240.241	sánta
8	5.38.201.3	soros györgy
2	5.61.240.241	kertészeti
7	92.249.156.114	techno
2	92.249.156.114	goa
2	92.249.156.114	ozora
2	92.249.156.114	rock
2	86.59.211.201	techno
2	176.63.5.33	techno
2	193.225.200.93	techno
2	193.6.53.132	techno
4	195.228.228.140	gulyás balázs
2	195.228.228.140	perjés zoltán
2	195.228.228.140	torgyán józsef
2	195.228.228.140	fasz
2	195.228.228.140	buzi
2	195.228.228.140	kurva
2	195.199.250.50	techno
2	178.164.238.190	techno
2	176.63.18.225	techno
2	81.183.174.27	techno
6	80.99.229.113	KOMMUNISTA
4	176.63.21.197	Európa
2	176.63.21.197	nyugati
2	176.63.21.197	diktátor
2	176.63.21.197	privatizáció
2	176.63.21.197	diktatúra
2	176.63.21.197	szégyen
2	176.63.21.197	európai
2	176.63.21.197	nők
2	176.63.21.197	férfiak
2	176.63.21.197	magyarság
2	176.63.21.197	hazaáruló
2	176.63.21.197	kikérem magamnak
2	176.63.21.197	patkány
2	176.63.21.197	migráns
2	176.63.21.197	nemzeti egység
2	176.63.21.197	derültség
2	176.63.21.197	derültség.
2	176.63.21.197	korrupció
2	80.98.104.165	techno
51	146.110.114.93	média
2	84.224.168.163	Ózd
2	176.63.164.4	demokrácia
2	176.63.164.4	válság
2	176.63.164.4	szegénység
2	176.63.164.4	IMF
2	176.63.164.4	EU
2	176.63.164.4	NATO
2	176.63.164.4	olajszőkítés
16	176.63.164.4	adóigazságosság
5	176.63.164.4	adóelkerülés
9	176.63.164.4	adóigazságos
3	176.63.164.4	igazságos
2	176.63.164.4	Bud Spencer
2	176.63.164.4	spongya bob
2	176.63.164.4	south park
4	176.63.164.4	klíma
2	176.63.164.4	korrupció
2	176.63.164.4	tiborcz
2	176.63.164.4	ebola
2	176.63.164.4	filozófia
2	176.63.164.4	ontológia
2	130.43.218.128	adóigazságosság
4	192.38.141.108	Női
2	176.63.164.4	nietzsche
4	176.63.164.4	Foucault
2	176.63.164.4	stiglitz
2	176.63.164.4	máriás
2	176.63.164.4	neizer
2	176.63.164.4	egyenlőtlenség
4	176.63.164.4	derültség
2	176.63.164.4	paks
1	46.35.195.186	demokrácia
6	46.35.195.186	NATO
9	37.76.85.177	Mondjon le
4	81.183.191.68	Falu
2	176.63.30.51	paks
2	176.63.30.51	oroszország
2	84.225.204.248	techno
1	5.38.170.121	kormányváltás
3	178.48.41.21	emberi jogok
2	178.48.41.21	költségvetés
15	79.121.41.32	Soros
2	149.200.74.109	soros
2	149.200.74.109	brüsszel
2	149.200.74.109	oktatás
2	149.200.74.109	angol
4	149.200.74.109	menekült
2	149.200.74.109	index
2	176.63.26.102	pokorni
2	188.156.108.104	Polt Péter
2	176.63.16.192	korrupció
5	176.63.16.192	Éghajlat
2	176.77.203.59	buzi
3	84.3.95.54	költségvetés
2	176.77.203.59	köcsög
2	176.77.203.59	kurva
2	84.3.95.54	Fidesz
3	84.3.95.54	KISZ
2	176.77.203.59	transz
2	176.77.203.59	shemale
2	176.77.203.59	fasz
2	84.3.95.54	Becker Pál
2	176.77.203.59	pina
2	176.77.203.59	punci
2	176.77.203.59	fika
2	176.77.203.59	dopeman
2	176.77.203.59	libbant
2	84.3.95.54	Paks
2	176.77.203.59	náci
2	176.77.203.59	picsa
2	176.77.203.59	kurva anyád
2	176.77.203.59	mandarin
2	176.77.203.59	öszpd
2	176.77.203.59	ösződ
2	176.77.203.59	pöcs
2	176.77.203.59	pörkölt
2	176.77.203.59	e-cigaretta
2	176.63.21.197	Kocsér
2	80.99.192.35	gyöngyös
4	176.63.21.197	Kerepes
2	80.99.192.35	kuncze
2	176.63.21.197	Egyházasdengeleng
2	176.63.21.197	Alsómocsolád
2	176.63.21.197	Zalatnay
2	176.63.21.197	elkúrtuk
2	80.99.192.35	turull
2	80.99.192.35	hofi
2	80.99.229.113	kommunista
4	176.63.31.153	csárdi antal
2	80.99.192.35	hazaáruló
2	80.99.192.35	diktátor
11	176.63.16.192	Sütő András
3	188.143.49.160	hazaszeretet
2	37.76.58.131	techno
5	84.236.94.132	Magyar nyelv és irodalom
2	92.249.138.177	oktatás
2	92.249.138.177	klíma
2	92.249.138.177	klímaváltozás
2	92.249.138.177	felmelegedés
2	80.98.113.17	korrupció
3	188.142.162.216	Zsidó
4	188.142.162.216	Szegény
2	188.142.162.216	Kisember
2	188.142.162.216	Luxus
2	188.142.162.216	Szemkilövés
2	188.142.162.216	Terror
2	188.142.162.216	Csontváz
2	188.142.162.216	Rezsi
2	188.142.162.216	Ávó
2	87.77.29.32	trianon
2	89.135.200.94	monnyon
2	89.135.200.94	mondjon le
2	86.59.170.165	rajk lászló szakkollégium
2	86.59.170.165	szakkollégium
2	86.59.170.165	diófa
2	86.59.170.165	ingatlanalap
2	86.59.170.165	pallos
2	84.3.0.173	korrupció
11	84.3.0.173	NATO
5	84.3.0.173	abortusz
4	84.3.0.173	magzati élet védelme
4	31.208.87.149	soros
4	31.208.87.149	Soros
4	31.208.87.149	anyád
4	31.208.87.149	kurva
3	31.208.87.149	hülye
2	31.208.87.149	heszler
2	31.208.87.149	andrás
2	31.208.87.149	knyihár
6	31.208.87.149	BME
2	31.208.87.149	Budapesti Műszaki Egyetem
2	141.30.214.155	Orbán
2	141.30.214.155	Orosz
3	141.30.214.155	Paks
3	141.30.214.155	Juncker
3	202.85.7.68	Segg
2	202.85.7.68	Fasz
2	202.85.7.68	buzi
4	46.139.74.152	túzok
2	46.139.74.152	vidra
3	84.236.80.119	Eurozóna
3	89.133.91.40	unio
2	37.76.90.43	Kommunista
2	37.76.90.43	Külhoni
2	37.76.90.43	Határon túli
2	37.76.90.43	Zsidó
10	37.76.90.43	Nagy imre
7	37.76.90.43	Seress
2	37.76.90.43	Elcsatolt
3	37.76.90.43	Elszakított
2	92.249.232.240	techno
3	46.139.205.158	szemöldökcsipesz
3	46.139.205.158	meleg
6	81.183.13.91	vállalkozás
2	217.197.178.139	orbán
2	217.197.178.139	lop
2	217.197.178.139	geci
2	217.197.178.139	buzi
2	217.197.178.139	homoszexuális
2	146.110.108.33	Hitler
2	146.110.108.33	féreg
7	146.110.108.33	buzi
2	146.110.108.33	geci
2	146.110.108.33	cigány
3	146.110.108.33	náci
2	217.20.130.254	drobilich
2	146.110.108.33	szaros
2	217.20.130.254	energol
2	146.110.108.33	szar
2	217.20.130.254	portik
2	146.110.108.33	
2	146.110.108.33	román
2	146.110.108.33	néger
2	217.20.130.254	illegális bevándorló
27	217.20.130.254	migráns
5	82.222.51.174	korrupció
5	82.222.51.174	Momentum
2	217.20.130.254	fasz
2	217.20.130.254	pina
2	217.20.130.254	punci
4	217.20.130.254	pénisz
2	77.234.88.178	olajszőkítés
2	77.234.88.178	migráns
2	77.234.88.178	geci
2	77.234.88.178	karácsony
3	77.234.88.178	orbán
2	46.35.192.249	soros
2	46.35.192.249	soros györgy
2	46.35.192.249	simonka
2	46.35.192.249	
2	84.2.163.69	Szex
2	188.143.110.99	túzok
4	84.2.163.69	Hit gyülekezete
2	5.204.77.56	buzi
2	188.143.89.112	soros györgy
1	188.143.89.112	migráció OR migráns
2	188.143.89.112	orbán
2	80.99.201.239	g7
2	188.143.89.112	geci
2	188.143.89.112	fasz
2	80.98.211.136	Krassó
3	80.99.97.9	korrupció
2	80.98.211.136	bogád
2	80.98.211.136	index
3	84.3.51.154	korrupció
2	46.139.217.174	pénisz
4	80.251.178.106	pride
2	193.202.65.1	köcsög
2	193.202.65.1	Kristóf
2	217.20.130.254	internet
2	217.20.130.254	stop soros
2	84.2.85.110	migráns
3	81.183.55.104	eladás
2	84.2.85.110	cigány
2	84.2.85.110	buzi
2	84.2.85.110	rácz
2	84.2.85.110	orbán
2	37.76.34.241	túzok
2	188.142.220.222	államadósság
2	188.142.220.222	IMF
2	188.142.220.222	Horn gyula
2	188.142.220.222	Orbán Viktor
2	188.142.220.222	Gyurcsány  Ferenc
2	188.142.220.222	Bajnai Gordon
2	188.142.220.222	Gruevszki
2	188.142.220.222	Gruevski
2	188.142.220.222	menekült
2	188.142.220.222	torgyán józsef
2	188.142.220.222	leisztinger
2	188.142.220.222	schiffer andrás
2	84.225.203.204	techno
2	195.56.187.26	EU
4	195.56.187.26	migráns
4	195.56.187.26	
2	195.56.187.26	korrupció
2	195.56.187.26	stróman
8	188.143.78.115	Komló
2	188.143.78.115	Magyarszék
3	188.143.78.115	Mánfa
2	188.143.78.115	Magyarhertelend
2	188.143.78.115	Új Kezdet
2	188.143.78.115	MIÉP
2	188.143.78.115	kisgazdapárt
18	84.2.203.82	túzok
2	91.82.219.229	népvándorlás
2	91.82.219.229	korrupció
2	91.82.219.229	nyugdíj
2	37.76.60.9	techno
2	89.135.155.20	nyolcév
2	91.82.219.229	szlovák
2	89.135.155.20	elmúltnyolcév
2	89.135.155.20	elmúlt
6	89.135.155.20	elmúlt nyolc
2	89.135.155.20	geciu
2	89.135.155.20	geci
2	89.135.155.20	kurva
4	176.63.26.7	Tisza István
2	91.82.40.12	derültség
2	91.82.40.12	ráckeve
2	91.82.40.12	átlátszó
7	86.59.153.139	gyermekjog
2	86.59.153.139	gyermekjog or gyerekjog
2	86.59.153.139	gyerekjog
2	86.59.153.139	gyerekek
2	86.59.153.139	gyermek
10	86.59.153.139	sajátos nevelési igényű
6	86.59.153.139	SNI
7	86.59.156.102	evangélikus
2	152.66.233.49	emberi jogok
4	86.59.156.102	fabiny tamás
3	86.59.156.102	fabiny
2	91.120.102.99	Tisza István
3	91.120.102.99	Mihályi Péter
2	91.120.102.99	kórházi adóságállomány
2	91.120.102.99	kórházak adósságállománya
2	91.120.102.99	privatizáció
4	91.120.102.99	kárpótlás
2	91.120.102.99	Bauer Tamás
4	176.63.16.187	kórházak adósságállománya
2	91.120.102.99	MRP
2	91.120.102.99	Földes Anna
2	91.120.102.99	Horváth Zoltán
2	91.120.102.99	közbeszerzés
2	91.120.102.99	korrupció
25	176.63.16.187	(kórház OR egészségügy OR beteg) AND (adósság OR deficit OR tartozás OR hátralék OR elmaradás OR hiány OR hitel OR csőd)
2	176.63.26.7	Horthy Miklos
3	176.63.26.7	Nagy Imre
2	176.63.31.83	foci
2	176.63.31.83	labdarúgás
4	176.63.31.83	felcsút
2	176.63.26.7	alma
2	176.63.26.7	alma, korte
3	176.63.31.83	mészáros lőrinc
2	176.63.31.83	saller
2	176.63.31.83	koki
2	176.63.31.83	ugribugri
2	176.63.31.83	ugri bugri
2	176.63.31.83	nix
2	176.63.31.83	boldog karácsonyt
2	176.63.31.83	áldott
2	176.63.31.83	kurva
2	176.63.31.83	gei
2	176.63.31.83	geci
2	176.63.31.83	picsa
2	176.63.31.83	részeg
2	176.63.31.83	barom
2	176.63.31.83	kakadu
2	176.63.31.83	madagaszkárr
2	176.63.31.83	madagaszkár
2	176.63.31.83	nagykörű
2	176.63.31.83	tankötelezettség
2	176.63.31.83	cigánybűnözés
2	176.63.31.83	buzi
2	176.63.31.83	pride
2	89.147.75.34	Szex
5	89.147.75.34	Csicska
2	89.147.75.34	Csicskapárt
9	89.147.75.34	Karácsony
5	46.35.195.186	nem volt fideszes
2	46.35.195.186	nem volt fideszes ügyész
2	192.38.138.216	Női
2	37.76.48.179	korrupció
4	37.76.48.179	Szar
2	37.76.48.179	Fekália
2	37.76.48.179	Kankó
2	37.76.48.179	Köcsög
2	37.76.48.179	Geci
2	37.76.48.179	Anyád
2	37.76.48.179	Féreg
3	89.133.168.153	soros györgy
2	89.133.168.153	buzi
3	89.133.168.153	soros
2	89.133.168.153	oktatás
2	89.133.168.153	egészség
4	89.133.168.153	migráns
2	89.133.168.153	veszély
2	89.133.168.153	atom
2	89.133.168.153	akadémia
2	84.2.163.186	korrupció
2	84.2.163.186	
4	94.21.36.70	náci
3	92.249.154.36	komló
2	92.249.154.36	vékény
2	92.249.154.36	hosszúhetény
2	92.249.154.36	elcoteq
3	92.249.154.36	gyurcsány
1	88.132.174.233	migráció
2	176.63.29.100	migráció
3	176.63.164.43	CEU
2	176.63.164.43	maffia
2	176.63.164.43	karácsony
4	176.63.164.43	lovász
2	176.63.27.182	Mta
4	176.63.27.182	Lőrinc
4	176.63.27.182	Pride
4	176.63.27.182	Egynemű
4	176.63.27.182	Megtámadtatás
3	176.63.27.182	Pufajkás
2	84.225.201.137	obán
3	89.133.90.34	Ügynök akta
6	89.133.90.34	Kuncze Gábor
2	89.133.90.34	Őszöd
2	89.133.90.34	Őszödi
2	213.152.161.181	személy
18	213.152.161.181	köztársaság
2	213.152.161.181	magyarok
2	213.152.161.181	magyar
2	213.152.161.181	agyar
2	213.152.161.181	agyarország
2	213.152.161.181	magyarország
2	213.152.161.181	eu
2	213.152.161.181	európa
2	213.152.161.181	ellenség
2	213.152.161.181	ellenfél
2	213.152.161.181	együttműködés
2	213.152.161.181	nemzet
2	213.152.161.181	zsidók
2	213.152.161.181	zsidó
2	213.152.161.181	izrael
2	213.152.161.181	jajvédő
2	213.152.161.181	fajvédő
4	213.152.161.181	nemzeti szocialista
2	213.152.161.181	náci
2	213.152.161.181	demokrácia
4	213.152.161.181	alkotmány
2	213.152.161.181	alaptörvény
2	213.152.161.181	alkotmányos demokrácia
2	213.152.161.181	konstitúció
5	95.91.246.231	korrupció
2	95.91.246.231	rezsi
3	86.59.152.211	korrupció
1	176.63.22.31	korrupció
2	188.143.115.153	vasember
2	176.63.22.31	baloldal
3	176.63.22.31	szolidaritás
7	84.3.220.152	pride
3	84.3.220.152	roma
26	62.201.94.63	derültség
2	94.21.156.12	korrupció
1	95.168.41.122	korrupció
4	95.168.41.122	Mohács
3	31.46.250.220	korrupció
2	91.83.121.204	techno
2	176.63.16.147	konvergencia
2	176.63.16.147	polgár
2	176.63.16.147	abortusz
2	176.63.16.147	melegházasság
2	176.63.16.147	hatvan
2	176.63.16.147	józsefváros
2	176.63.16.147	cigány
2	176.63.16.147	roma
2	188.142.162.135	korrupció
2	176.63.16.147	örökség
2	176.63.16.147	műemlék
2	176.63.16.147	holokauszt
4	188.142.162.135	Bánya
2	176.63.16.147	felszabadulás
2	80.110.113.42	demokrácia
2	176.63.16.147	zsidó
4	176.63.16.147	buzi
3	176.63.28.36	poszt kommunista
2	176.63.16.147	kötél
2	176.63.16.147	lemond
2	92.52.220.210	hülyeség
2	176.63.16.147	seuso
2	92.52.220.210	gyermek vállalás
2	176.63.16.147	
5	94.21.64.9	NATO
1	89.134.238.144	soros györgy
1	89.134.238.144	migráció OR migráns
2	89.134.238.144	komcsi
2	89.134.238.144	bunkócska
2	89.134.238.144	fidesz
2	89.134.238.144	lmp
2	89.134.238.144	náci
2	89.134.238.144	fasiszta
2	89.133.7.72	civil
2	89.133.7.72	homofóbia
2	89.133.7.72	Pink floyd
2	89.133.7.72	Hétköznapi csalódások
3	94.21.64.9	korrupció
2	89.133.7.72	Bajszos
2	89.133.7.72	Bajszos szar
2	89.133.7.72	Szar
2	89.133.7.72	szar
2	89.133.7.72	Klímaváltozás
8	94.21.64.9	euró
2	94.21.64.9	soros györgy
2	80.98.188.229	önkormányzat
2	80.98.188.229	városrehabilitáció
2	80.98.188.229	városrekonstrukció
2	80.98.188.229	lakhatás
2	80.98.188.229	kilakoltatás
2	80.98.188.229	uzsora
2	80.98.188.229	szopófantom
2	80.98.188.229	szopó
2	80.98.188.229	irán
2	80.98.188.229	clinton
2	80.98.188.229	botrány
2	80.98.188.229	index
20	80.98.188.229	tek
2	80.98.188.229	társadalomelmélet
2	80.98.188.229	antropológia
2	80.98.188.229	kisvárda
2	80.98.188.229	peszle
1	66.249.73.151	kikérem magamnak
4	80.98.188.229	dzsentrifikáció
2	80.98.188.229	marx
4	80.98.188.229	zsidó
2	80.98.188.229	rali
12	80.98.188.229	kína
2	80.98.188.229	zsugorodás
2	80.98.188.229	méltó
2	80.98.188.229	szolidáris
2	80.98.188.229	szegény
2	80.98.188.229	roma
2	80.98.188.229	óvás
2	80.98.188.229	hallgatói hálózat
2	80.98.188.229	plágium
2	80.98.188.229	önkormányzati adósság
2	80.98.188.229	rákosmente
2	80.98.188.229	egyetemfoglalás
2	80.98.188.229	házfoglalás
2	80.98.188.229	squat
2	80.98.188.229	zendülés
2	80.98.188.229	tgm
2	80.98.188.229	szakszervezet
2	80.98.188.229	
2	82.145.223.27	Gyurcsány
2	82.145.223.27	Hitler
4	82.145.223.27	Horthy
1	66.249.73.153	kikérem magamnak
5	78.92.247.100	pető iván
3	84.236.106.113	soros györgy
3	84.236.106.113	migráció OR migráns
2	193.225.139.152	zsidó
4	193.225.139.152	tata
2	193.225.139.152	
2	193.225.139.152	titkosszolgálat
3	176.241.32.96	költségvetés
2	78.92.99.178	derültség
1	188.143.76.106	korrupció
2	188.143.76.106	
1	66.249.73.153	hazaáruló
3	176.63.27.96	Oktatás
4	85.67.133.27	emberi jogok
3	86.59.180.56	válság
2	86.59.180.56	világválság
2	86.59.180.56	európa
2	86.59.180.56	európai
2	86.59.180.56	emberek
2	176.63.44.74	homoszexuális
2	176.63.44.74	pride
2	176.63.44.74	nyugdíj
2	176.63.44.74	nyugdíjrendszer
2	176.63.44.74	megszorítás
2	176.63.44.74	költekezés
2	176.63.44.74	túlköltekezés
2	176.63.44.74	űrkutatás
2	176.63.44.74	CERN
2	176.63.44.74	lézer
2	176.63.44.74	magyar tudományos akadémia
2	62.165.205.12	hazudik
2	62.165.205.12	fasz
2	62.165.205.12	hülye
2	62.165.205.12	barom
2	62.165.205.12	zsidó
2	62.165.205.12	soros
2	62.165.205.12	anya
2	62.165.205.12	gyerek
2	62.165.205.12	háboru
2	62.165.205.12	háború
4	176.63.16.147	euró
2	176.63.16.147	euró bevezetése
2	176.63.16.147	széf
2	176.63.16.147	soros györgy
2	176.63.16.147	bokros-csomag
2	176.63.16.147	ügynök
2	176.63.16.147	akta
2	176.63.16.147	III/III
2	176.63.16.147	besúgó
2	176.63.16.147	ügynökakták
2	176.63.16.147	helikopter
2	176.63.16.147	máv
1	176.63.22.212	soros györgy
2	176.63.16.147	egészségügy
2	176.63.16.147	tandíj
2	176.63.16.147	kárpótlás
2	176.63.16.147	iszap
2	176.63.16.147	balaton
2	176.63.16.147	lop
1	66.249.73.151	felháborító
3	89.133.114.217	Fasz
2	89.133.114.217	pénisz
2	89.133.114.217	
2	84.2.196.219	kormányváltás
2	84.225.204.213	korrupció
22	84.225.204.213	Soros
5	31.46.125.236	tisza istván
2	84.225.204.213	Buzu
4	84.225.204.213	Buzi
2	84.225.204.213	Tiborcz
3	84.225.204.213	Nagy Imre
4	84.225.204.213	Illiberális
4	84.225.204.213	cigány
2	84.225.204.213	Orbán
3	84.225.204.213	Simicska
3	188.156.217.28	korrupció
17	188.156.217.28	szegedi
5	94.21.36.141	szeged
33	188.156.217.28	Szeged
5	188.156.217.28	Tisza-híd
7	188.156.217.28	Tisza híd
2	89.133.162.60	Jónapot
2	89.133.162.60	büdösbogár
2	89.133.162.60	felélik
2	89.133.162.60	Patkány
9	188.156.217.28	Botka
4	188.156.217.28	Ferroép
3	188.156.217.28	Népfőiskola
3	188.156.217.28	Lakitelek
2	130.43.192.165	Orbán
3	188.156.217.28	Jászfényszaru
2	130.43.192.165	melegek
2	130.43.192.165	Hülye
3	188.156.217.28	szegedi közgyűlés
3	188.156.217.28	B. Nagy
3	188.156.217.28	Martin Schulz
3	188.156.217.28	szegedi közgyűlést
3	188.156.217.28	Szegedet
2	188.156.217.28	Szegednek
3	176.63.29.6	Természet
4	176.63.29.6	Természetvédelem
2	176.63.29.6	Natura
2	176.63.29.6	Fasiszta
6	82.131.206.7	Pokol Béla
2	176.63.29.6	Diktatúra
2	176.63.29.6	Autoriter
2	176.63.29.6	Illiberális
2	176.63.29.6	Kiüríttetem
2	82.131.206.7	Bihari Mihály
4	176.63.29.6	Székesfehérvár
2	176.63.29.6	Felcsút
2	82.131.206.7	Európa végnapjai
2	176.63.29.6	Budapest
2	82.131.206.7	Pokol tanár úr
2	176.63.29.6	Trianon
4	176.63.29.6	Putyin
2	176.63.29.6	Habony
2	176.63.29.6	Rabszolga
2	176.63.29.6	Család
2	176.63.29.6	Kádár
2	176.63.29.6	Apró
2	176.63.29.6	Öszöd
2	176.63.29.6	Őszöd
2	176.63.29.6	Őszödi beszéd
2	176.63.29.6	Magyar
2	176.63.29.6	Brüsszel
2	176.63.29.6	Moszkva
2	176.63.29.6	Orosz
2	176.63.29.6	Ángyán
2	176.63.29.6	Irredenta
2	176.63.29.6	Cigány
2	176.63.29.6	Cigánybűnözés
2	176.63.29.6	Szent korona
2	176.63.29.6	Sopron
2	176.63.29.6	Ajka
2	176.63.29.6	Vörösiszap
2	176.63.29.6	Trump
2	176.63.29.6	Obama
2	176.63.29.6	Tiborcz
2	176.63.29.6	Veje
2	176.63.29.6	Hableány
2	176.63.29.6	Fülke
4	176.63.29.6	Csalás
2	176.63.29.6	Gyurcsány
3	89.133.124.9	korrupció
2	176.63.29.6	Soros
2	176.63.29.6	Soros györgy
2	82.131.206.7	Pokol képviselő
6	192.38.140.198	Női
3	188.156.217.28	Szeged-Belgrád
2	79.122.127.242	Schengeni
3	87.97.60.105	kárpótlási jegy
5	79.122.127.242	Bevándorló
2	94.21.208.179	demokratikus politizálás színtere
4	94.21.208.179	utcai politizálás
4	176.63.23.140	lapos föld
2	46.139.15.137	korrupció
2	46.139.15.137	Zsidó
2	46.139.15.137	Zoltai
2	46.139.15.137	Népszava
2	46.139.15.137	MTK
2	91.83.185.46	Szeged
2	91.83.185.46	kalmár ferenc
2	91.83.185.46	kalmár ferenc and szeged
2	91.83.185.46	kalmár ferenc szeged
7	91.83.185.46	szeged
2	91.83.185.46	bartha lászló
2	91.83.185.46	bartha lászló szeged
4	91.83.185.46	bohács zsolt
3	91.83.185.46	bohács zsolt szeged
3	84.2.114.243	1956
5	84.2.114.243	1989
4	91.83.185.46	bodó imre szeged
4	91.83.185.46	nógrádi zoltán szeged
8	31.46.125.236	friedrich istván
3	193.6.50.29	esélyegyenlőség
5	193.6.50.29	soros györgy
3	193.6.50.29	nők
4	193.6.50.29	gurmai
2	151.0.73.250	Csillagok háborúja
2	151.0.73.250	Star Wars
2	151.0.73.250	jedi
2	151.0.73.250	sith
2	151.0.73.250	vader
2	151.0.73.250	skywalker
2	151.0.73.250	han solo
2	151.0.73.250	leia
2	151.0.73.250	yoda
2	151.0.73.250	obi-wan
2	151.0.73.250	kenobi
2	151.0.73.250	jabba
2	151.0.73.250	hutt
2	151.0.73.250	vuki
2	62.165.229.88	szeged
6	62.165.229.88	soros
4	62.165.229.88	orbán
4	62.165.229.88	vegán
2	62.165.229.88	vegetáriánus
2	62.165.229.88	rákkeltő
2	62.165.229.88	cigány
3	62.165.229.88	pedofil
2	80.95.83.144	Soros
2	80.95.83.144	Soros György
2	91.82.7.142	elmúlt 8 év
2	91.82.7.142	elmúlt nyolc év
3	91.82.7.142	Gyucsány kormány
2	91.82.7.142	Gyurcsány kormány
30	91.82.7.142	Jászberény
10	77.234.67.75	székesfehérvár
2	37.76.6.155	korrupció
3	5.187.241.205	Taxi
2	94.21.171.233	fasiszta
3	94.21.171.233	náci
3	94.21.171.233	trianon
2	94.21.171.233	liberális
2	94.21.171.233	hazaáruló
4	94.21.171.233	konzervatív
2	94.21.171.233	putyin
2	94.21.171.233	obama
2	94.21.171.233	trump
2	94.21.171.233	lengyelország
2	94.21.171.233	észtország
2	94.21.171.233	diktatúra
2	94.21.171.233	csanád
2	94.21.28.53	Szolnok
2	46.35.192.36	korrupció
2	46.35.192.36	fideszes korrupciós ügyek
8	176.77.132.25	Simicska
3	37.76.26.134	Jahn Ferenc
2	89.132.221.29	gyurcsány
2	89.132.221.29	orbán
2	89.132.221.29	egyetem
2	89.132.221.29	tudomány
2	89.132.221.29	magyar
2	89.132.221.29	polgár
2	89.132.221.29	szociális
4	89.132.221.29	kompromisszum
2	89.132.221.29	természetvédelem
2	89.132.221.29	sajtószabadság
4	78.92.251.100	kikérem magamnak
2	80.252.55.57	nyilvánosság
2	80.252.55.57	közpénz
2	80.252.55.57	falu
2	80.252.55.57	önkomrányzat
2	80.252.55.57	önkormányzat
2	80.252.55.57	
1	80.252.55.57	költségvetés
11	84.0.206.56	emberi jogok
18	84.0.206.56	pornográfia
3	84.0.206.56	kiskorú büntethetőség
2	84.0.206.56	kiskorú
20	46.139.103.164	otthonápolás
9	130.43.197.156	Oroszország
2	130.43.197.156	Orosz
3	188.36.38.87	korrupció
12	188.36.38.87	református
2	188.36.38.87	Isten
2	188.36.38.87	katolikus
2	188.36.38.87	evangélikus
2	188.36.38.87	Európa Rádió
2	188.36.38.87	Gyurcsány
2	37.76.91.254	református
2	188.6.90.6	TeIR
6	188.6.90.6	Területfejlesztés
2	188.6.90.6	Területfejlesztési
2	188.6.90.6	Balaton
2	188.6.90.6	Balatoni
3	188.6.90.6	Cigány
2	188.6.90.6	Labdarúgás
5	188.6.90.6	Stadion
2	188.6.90.6	Labdarúgó
2	188.6.90.6	Oktatás
2	188.6.90.6	Szegénység
2	37.76.7.196	Stadion
2	86.101.35.29	Stadion
2	81.182.190.72	migráció
3	84.0.15.245	szeged
2	176.63.25.165	Stadion
6	176.63.25.165	Olaj
2	176.63.25.165	Tocsik
3	5.38.149.87	korrupció
2	5.38.149.87	Paks
2	5.38.149.87	Atomerőmű
2	5.38.149.87	Tamási
2	5.38.149.87	Süli
2	178.164.154.9	brexit
2	178.164.154.9	font
2	178.164.154.9	frank
2	178.164.154.9	hajlektaan
2	178.164.154.9	hajlektalan
2	178.164.154.9	geci
2	178.164.154.9	gyurcsany
2	178.164.154.9	vona
2	178.164.154.9	szar
3	5.38.223.59	gender
3	5.38.223.59	nők
3	5.38.223.59	melegek
3	5.38.223.59	feminista
3	5.38.223.59	feminista OR femnizmus
3	84.3.254.157	korrupció
7	84.3.254.157	víz
6	84.3.254.157	víz ára
17	84.3.254.157	alaptörvény
15	178.48.162.223	elmúlt nyolc év
2	178.48.162.223	barbie
3	213.222.149.80	Sakk
10	213.222.149.80	Pàsztó
6	31.46.247.42	Területfejlesztés
4	31.46.247.42	Területfejlesztési
6	91.82.197.92	szeged
2	91.82.197.92	
49	188.156.244.73	Szeged
5	31.46.247.42	régió
4	31.46.247.42	regionális
4	31.46.247.42	településfejlesztés
3	31.46.247.42	településpolitika
5	31.46.247.42	
3	193.30.164.114	kommunista
3	193.30.164.114	LMP
4	193.30.164.114	Mosonmagyaróvár
2	157.181.236.75	Területfejlesztés
1	157.181.236.75	Területfejlesztési
3	212.108.193.178	zsidó
4	212.108.193.178	karvalytőke
6	212.108.193.178	buzi
4	212.108.193.178	algériai
4	212.108.193.178	algéria
4	212.108.193.178	algír
4	212.108.193.178	zsibvásár
4	212.108.193.178	zsibvásárt
6	212.108.193.178	kufár
3	212.108.193.178	kufárok
2	212.108.193.178	sárga csekk
2	212.108.193.178	sárga csillag
37	193.225.120.1	túzok
2	157.181.236.72	Területfejlesztés
2	157.181.236.72	szolidaritás
2	157.181.236.72	migráns
2	157.181.236.72	migráció
2	157.181.236.72	adó
2	157.181.236.72	kommunista
2	157.181.236.72	zsidó
2	157.181.236.72	ország
2	157.181.236.72	országos
2	157.181.236.72	smart
5	193.225.200.92	Tisza István
6	176.63.25.98	
2	195.212.29.185	trianon
2	195.212.29.185	bérenc
2	195.212.29.185	gyurcsány
2	195.212.29.185	Brüsszel
2	195.212.29.185	multik
2	195.212.29.185	extra profit
2	195.212.29.185	extraprofit
1	195.212.29.165	soros györgy
2	195.212.29.165	adófizető
3	176.63.27.5	Területfejlesztés
2	176.63.27.5	európai unió
2	176.63.27.5	regionális politika
3	213.96.223.92	Stadion
4	213.96.223.92	oligarcha
2	213.96.223.92	orosz
4	213.96.223.92	putyin
4	213.96.223.92	szemét
2	213.96.223.92	migráns
2	213.96.223.92	rohadék
2	213.96.223.92	rohadt
2	37.76.93.234	Stadion
8	46.107.10.219	Stadion
16	37.76.110.153	Stadion
1	93.176.146.132	korrupció
6	92.40.248.94	Zsiros
6	37.76.46.198	Stadion
3	77.243.214.151	Vép
13	84.1.21.177	makó
4	84.1.21.177	hagymatikum
2	78.131.56.71	Területfejlesztés
7	78.131.56.71	okos város
3	78.131.56.71	smart
2	188.6.29.174	nő
2	188.6.29.174	férfi
2	188.6.29.174	halál
4	188.6.29.174	sakk
2	188.6.29.174	Polgár Judit
3	188.6.29.174	sakkozó
2	188.6.29.174	kurva
2	188.6.29.174	pénz
2	188.6.29.174	hógolyó
2	188.6.29.174	szar
2	188.6.29.174	fos
2	188.6.29.174	picsa
2	188.6.29.174	baszni
4	188.6.29.174	király
2	188.6.29.174	bukowski
2	188.6.29.174	Eastwood
2	188.6.29.174	Rambo
2	176.63.27.232	Területfejlesztés
2	176.63.27.232	szabadság
6	82.43.126.16	Zsiros
6	176.63.29.209	Területfejlesztés
2	176.63.29.209	
2	176.63.29.209	önkormányzatok
2	176.63.29.209	erkölcs
2	176.63.29.209	erkölcsök
2	176.63.29.209	Szabolcs-Szatmár-Bereg
2	176.63.29.209	filozófiai
2	176.63.29.209	Eötvös József
2	176.63.29.209	levéltári
2	176.63.29.209	vajda jános
2	176.63.29.209	kölcsey
3	176.63.29.209	vásárosnaményi
7	176.63.29.209	Vásárosnamény
2	176.63.29.209	valláserkölcs
2	176.63.29.209	valláserkölcsi
3	176.63.29.209	Területfejlesztési
2	176.63.29.209	Dr. Kiss Gábor
2	176.63.29.209	Bibó István
6	176.63.29.209	soros györgy
16	176.63.29.209	kiss gábor
4	46.139.103.164	
16	46.139.103.164	szociális bértábla
2	46.139.103.164	szociális dolgozók
4	46.139.103.164	szociális szektor
2	46.139.103.164	szociális dolgozól bére
4	46.139.103.164	szociális dolgozók bére
4	46.139.103.164	gyógypedagógia pótlék
2	94.21.53.93	őstörténet
3	178.210.245.67	Fehérgyarmat
3	178.210.245.67	Tilki
2	178.210.245.67	hazaáruló
2	178.210.245.67	magánrepülő
5	176.63.21.173	jászság OR jászberény
17	176.63.31.141	barna eső
2	176.63.21.180	tudomány
2	176.63.21.180	akadémia
2	176.63.21.180	foci
2	176.63.21.180	csótány
4	31.46.125.236	zsidó
2	31.46.125.236	Orbán viktor
2	31.46.125.236	simicska lajos
2	188.156.200.73	Szeged
5	188.156.200.73	Nemzeti Emlékcsarnok
6	188.156.200.73	kommunista
2	188.156.200.73	komunista
4	188.156.200.73	szocialista
4	188.156.200.73	fidesz
2	188.156.200.73	komunizmus
2	188.156.200.73	kommunizmus
2	188.156.200.73	kádár jános
8	188.156.200.73	zsidó
2	188.156.200.73	közigazgatás
3	188.156.200.73	adó
2	188.156.200.73	mszp
2	188.156.200.73	Jézus
2	188.156.200.73	isten
4	188.156.200.73	Isten
2	188.156.200.73	válság
2	188.156.200.73	jólét
3	188.156.200.73	Túróscsusza
3	188.156.200.73	Túrós csusza
2	188.156.200.73	csusza
2	188.156.200.73	túrós csusza
2	188.156.200.73	disznó
2	188.156.200.73	fasz
2	188.156.200.73	pina
4	188.156.200.73	seg
2	188.156.200.73	fütyi
2	188.156.200.73	popsi
2	188.156.200.73	csirkemell
2	188.156.200.73	szar
2	188.156.200.73	fatökű
2	188.156.200.73	kretén
3	188.156.200.73	horthy
33	77.111.107.114	közút
6	188.156.200.73	fasiszta
2	188.156.200.73	csöcs
4	188.156.200.73	pöcs
2	188.156.200.73	fing
2	188.156.200.73	szellentés
2	188.156.200.73	szellent
2	188.156.200.73	rottyant
2	77.111.107.114	czerván
2	188.156.200.73	rozoga
2	188.156.200.73	Besenyő
4	188.156.200.73	kackiás
4	77.111.107.114	czerván 31
3	188.156.200.73	Részeg
2	188.156.200.73	Csecs
2	188.156.200.73	himbilimbi
2	188.156.200.73	kuki
2	188.156.200.73	kaka
4	188.156.200.73	rá jön a szapora
2	188.156.200.73	menyecske
5	188.156.200.73	ügynök
2	31.46.125.236	liberális férgek
2	31.46.125.236	szabó albert
2	31.46.125.236	identitás
2	31.46.125.236	nemzet
2	31.46.125.236	haza
2	31.46.125.236	ügynökakták
2	31.46.125.236	ügynök akták
2	31.46.125.236	Biszku
3	213.222.149.47	különbíróság
2	213.222.149.47	bíróság
2	130.43.207.249	vonalbezárás
3	130.43.207.249	vasútvonal
4	176.63.17.158	emberi jogok
4	176.63.17.158	homoszexuálisok
2	5.204.57.55	törő gábor
5	193.225.200.92	kapitali*
2	193.225.200.92	kapitali*+kommuni*
3	193.225.200.92	olimpia
2	193.225.200.92	civil*
2	193.225.200.92	roma*
2	193.225.200.92	rendszervált*
2	193.225.200.93	felsőoktatás
2	193.225.200.93	kalocsa
16	212.92.17.49	Makó
4	212.92.17.49	buzás péter
5	80.251.178.106	forradalom
3	193.6.40.10	bevándorlás
2	81.182.66.84	Tiba
2	81.182.66.84	Szóllát
4	81.182.66.84	Szóllát Tibor
3	81.182.66.84	Kiss Tibor
14	81.182.66.84	Szólláth Tibor
7	188.157.0.46	pesterzsébet
6	188.157.0.46	devizahitel
4	176.63.23.224	EU
2	176.63.23.224	unió
2	176.63.23.224	európa
19	94.21.164.93	alapjövedelem
16	94.21.164.93	
3	94.21.164.93	internet
24	94.21.164.93	homoszexuális
4	94.21.164.93	meleg
2	94.21.164.93	pederaszta
2	94.21.164.93	homo
3	94.21.164.93	simicska
2	94.21.164.93	komcsi
2	94.21.164.93	buzi
2	94.21.164.93	staller
4	94.21.164.93	mutyi
57	94.21.164.93	lovag
3	94.21.164.93	rezsi
2	94.21.164.93	pörkölt
2	94.21.164.93	pénisz
2	94.21.164.93	démon
2	94.21.164.93	e-mail
2	94.21.164.93	náci
2	94.21.164.93	trianon
2	94.21.164.93	tek
2	94.21.164.93	TEK
2	94.21.164.93	libsi
2	94.21.164.93	AIDS
2	94.21.164.93	klíma
8	94.21.164.93	klímaváltozás
4	94.21.164.93	klímakatasztrófa
4	94.21.164.93	fenntarthatóság
2	94.21.164.93	zöld
2	94.21.164.93	zöldpolitika
2	94.21.164.93	öko
2	94.21.164.93	klíma változás
3	94.21.164.93	fenntartható fejlődés
12	94.21.164.93	kapitalizmus
4	94.21.164.93	kapitalista
4	94.21.164.93	kommunizmus
4	78.131.71.239	kommunizmus
22	78.131.71.239	
2	78.131.71.239	kapitalista
2	78.131.71.239	kommunista
2	78.131.71.239	nácizmus
4	78.131.71.239	bolsevizmus
2	78.131.71.239	liberalizmus
2	78.131.71.239	klíma
6	78.131.71.239	klímaváltozás
2	78.131.71.239	klímapolitika
2	78.131.71.239	feminizmus
3	78.131.71.239	feminista
5	78.131.71.239	homofób
5	78.131.71.239	homofóbia
4	78.131.71.239	szegénység
2	78.131.71.239	mélyszegénység
2	78.131.71.239	felzárkózás
2	78.131.71.239	privatizáció
2	78.131.71.239	szegény
4	78.131.71.239	aids
2	84.3.3.18	homoszexuális
1	84.3.3.18	buzi
2	176.63.24.253	trianon
4	89.134.117.245	alapjövedelem
2	84.2.131.215	eladás
2	84.206.62.4	Bánki Erik
2	84.206.62.4	Napfényfürdő
2	84.206.62.4	Aquapolis
3	84.206.62.4	Szeged
7	84.206.62.4	szegedi fürdő
4	193.6.50.29	horn
6	176.77.136.13	
3	176.77.136.13	korrupció
3	194.77.48.120	
1	194.77.48.120	euró
4	37.76.118.47	alapjövedelem
2	84.225.205.204	alapjövedelem
2	31.46.241.155	alapjövedelem
2	31.46.241.155	ingyenpénz
4	84.16.38.26	felvidék
2	84.16.38.26	felvidéki
2	84.16.38.26	erdély
2	84.16.38.26	felvidek
3	87.197.104.141	kommunista
2	87.197.104.141	izrael
2	87.197.104.141	orbán
2	87.197.104.141	gyurcsány
2	87.197.104.141	határon túli
2	87.197.104.141	somorja
4	87.197.104.141	kétnyelvű dél-szlovákia
2	87.197.104.141	boldoghy
2	87.197.104.141	gubík
2	87.197.104.141	tejfalu
2	87.197.104.141	Soros
2	87.197.104.141	Soros György
2	87.197.104.141	felvidék
4	217.145.202.194	soros györgy
2	217.145.202.194	
13	94.21.34.82	kiss gábor
6	178.164.246.78	Stadion
31	178.164.246.78	migráns
2	178.164.246.78	puskás
3	178.164.246.78	puskás ferenc
12	178.164.246.78	hazaáruló
2	178.164.246.78	
2	37.76.121.238	migráns
2	178.48.162.223	dakota közmondás
5	178.48.162.223	tudniillik
3	178.48.162.223	magam részéről
2	178.48.162.223	na már most
2	178.48.162.223	offshore lovag
2	178.48.162.223	mutyi kormány
2	178.48.162.223	mutyizás
3	178.48.162.223	mutyizni
2	178.48.162.223	mutyi OR mutyizás
2	89.133.104.206	kishódos
2	89.133.104.206	garbolc
2	89.133.104.206	méhtelek
4	89.133.104.206	kispalád
15	89.133.104.206	szeged
2	89.133.104.206	villamosítás
61	188.156.217.28	szegedi híd
4	31.46.248.79	
10	89.132.96.217	gyűlöletbeszéd
2	89.132.96.217	szabadság
2	89.132.96.217	szabadságharc
2	89.132.96.217	béke
2	89.132.96.217	liberális
2	89.132.96.217	szabedelvű
2	89.132.96.217	szabadelvű
2	89.132.96.217	konzervatív
2	89.132.96.217	fasiszta
2	89.132.96.217	náci
2	89.132.96.217	kommunista
2	89.132.96.217	szociáldemokrata
2	89.132.96.217	nemzeti
2	89.132.96.217	hazafi
2	89.132.96.217	republikánus
2	89.132.96.217	demokrácia
2	89.132.96.217	föderatív
2	89.132.96.217	föderáció
2	37.76.78.118	migráció
6	37.76.78.118	szabad
5	37.76.78.118	szabadság
5	37.76.78.118	polgár
6	37.76.78.118	tisztesség
5	37.76.78.118	korrupció
6	37.76.78.118	korrupt
6	37.76.78.118	eu
8	37.76.78.118	európai
5	37.76.78.118	nyugat
5	37.76.78.118	történelmi
5	37.76.78.118	szülőföld
6	37.76.78.118	béke
6	37.76.78.118	háború
6	37.76.78.118	vita
5	37.76.78.118	ellenzék
5	37.76.78.118	mszp
5	37.76.78.118	dk
6	37.76.78.118	klíma
6	37.76.78.118	felmelegedés
6	37.76.78.118	környezeti
5	37.76.78.118	önkormányzat
4	37.76.78.118	önkormányzatiság
2	188.156.217.28	újszegedi
2	188.156.217.28	vasúti híd
2	188.156.217.28	Bartha
2	89.134.25.226	Ország adósság
69	89.134.25.226	Ország adósság állománya
5	89.134.25.226	adósság állománya Ft-ban
4	188.156.217.28	Makó elővárosi
3	89.134.25.226	
3	176.63.29.37	kozma péter
3	176.63.29.37	Nyerges Tibor
3	176.63.29.37	oláh sándor
4	176.63.29.37	pál józsef
2	134.255.91.19	Soros
2	134.255.91.19	Klímaváltozás
2	134.255.91.19	Kórház
2	134.255.91.19	Kurva
4	176.63.29.37	palotás jános
2	176.63.181.143	Kisnémedi
4	176.63.181.143	püspökszilágy
3	176.63.181.143	bogádmindszent
2	176.63.181.143	Edelman György
2	176.63.181.143	harrack Péter
2	176.63.181.143	Vác
2	176.63.181.143	1956
2	176.63.181.143	horthy miklós
2	176.63.181.143	adolf hitler
2	176.63.181.143	kádár jános
2	176.63.181.143	Budapest
2	176.63.181.143	orbán viktor
2	176.63.181.143	gyurcsány ferenc
2	176.63.181.143	buzi
2	176.63.181.143	puzsér
2	176.63.181.143	tiborc
23	213.197.86.34	Farkas Flórián
4	213.197.86.34	Farkas Flórián felszólalásai
4	176.63.29.37	papp pál
2	176.63.29.37	Papp Pál
4	176.63.29.37	Pálfy István
6	176.63.29.37	nagy tamás
3	176.63.29.37	Lassu István
11	176.63.151.177	klímaváltozás
3	80.251.178.106	klímaváltozás
6	176.63.151.177	kutya
4	93.176.144.172	emberi jogok
2	93.176.144.172	lófasz
2	93.176.144.172	karácsony
4	81.182.34.222	Szólláth Tibor
4	188.156.217.28	szegedi vasúti híd
7	188.156.217.28	Szeged híd
2	188.156.217.28	kormány szegedi híd
3	188.156.217.28	Szabó Sándor
2	188.156.217.28	Szabó Sándor híd
2	188.156.217.28	Szabó Sándor Tisza-híd
2	188.156.217.28	B. Nagy László Tisza-híd
2	188.156.217.28	Bartha László Tisza-híd
2	188.156.217.28	Bartha László híd
4	188.156.217.28	Bartha László vasúti híd
4	188.156.217.28	Barta László vasúti híd
3	188.156.217.28	Bartha László szegedi híd
3	188.156.217.28	demokrácia
5	188.156.217.28	Lázár János híd
3	188.156.217.28	Makó-Szeged elővárosi
8	188.156.217.28	Szeged vasúti híd
2	176.63.29.87	alapjövedelem
2	176.63.29.87	kizsákmányolás
2	176.63.29.87	tőke
2	176.63.29.87	tőke felhalmozás
2	176.63.29.87	kapitalizmus
2	176.63.29.87	kapitalista
3	176.63.29.87	kapitalista termelés
13	178.164.157.145	migráció OR migráns
4	178.164.157.145	euró
2	176.63.22.149	törésvonal
2	176.63.22.149	ideológiai
2	176.63.22.149	ideológia
2	185.221.143.94	nix ugribugri
19	185.221.143.94	derültség
2	84.236.68.158	migráció
6	84.236.68.158	privatizáció
2	84.236.68.158	homoszex
6	84.236.68.158	homoszexuális
38	94.21.249.110	privatizáció
2	194.88.44.127	azonos neműek
6	157.181.112.14	székesfehérvár
7	157.181.112.14	fehérvár
2	78.131.46.79	szegénység
6	37.76.117.79	Migráns
12	37.76.117.79	Roma
5	37.76.117.79	Cigány
10	37.76.117.79	Olajszőkítés
3	37.76.117.79	Olajszőkítés Pintér
1	176.63.24.245	korrupció
4	84.2.90.28	Szólláth Tibor
5	149.200.2.96	korrupció
4	78.131.100.218	feminista
3	78.131.100.218	metoo
4	78.131.100.218	szerelem
4	78.131.100.218	klímavàltozàs
4	78.131.100.218	klímavàlsàg
3	78.131.100.218	globàlis felmelegedés
2	84.206.42.142	törvénykez*
2	84.206.42.142	törvénykez* bíróság*
2	84.206.42.142	törvénykez* and bíróság*
2	84.206.42.142	törvénykez* and bíró*
2	84.206.42.142	törvénykez* + bíró*
2	84.206.42.142	törvénykez* bíró* igazság*
2	178.48.162.223	taláros testület*
2	84.206.42.142	törvénykezés* törvébyhozás*
2	84.206.42.142	törvénykezés* törvébvhozás*
2	84.206.42.142	törvénykezés* törvényhozás*
5	178.48.162.223	mifelénk
2	84.206.42.142	unparliamentary
2	84.206.42.142	unparliament
2	84.206.42.142	unparliament*
18	84.206.42.142	országgyűlési könyvtár*
2	84.206.42.142	országgyűlési könyvtár
2	84.206.42.142	országgyűlés* könyvtár
2	89.135.35.225	tiborcz
2	89.135.35.225	habony
2	89.135.35.225	farkas flórián
2	89.135.35.225	vasút
2	5.187.134.151	geci
2	5.187.134.151	farok
2	5.187.134.151	fasz
2	5.187.134.151	faszom
2	5.187.134.151	pénisz
2	5.187.134.151	csöcs
2	5.187.134.151	bumburnyák
2	5.187.134.151	köcsög
2	5.187.134.151	pina
2	5.187.134.151	punci
2	188.142.231.45	Tisza István
2	188.142.231.45	kommunista
2	188.142.231.45	
2	176.63.19.113	Területfejlesztés
2	176.63.19.113	erdély
2	89.132.131.171	nyolcadik kerület
2	89.132.131.171	8. kerület
2	89.132.131.171	kerület
21	89.132.131.171	VIII kerület
5	89.132.131.171	józsefváros
2	176.63.22.38	propaganda
2	176.63.22.38	nyomor
2	176.63.22.38	féreg
2	5.38.149.16	bíró márk
1	66.249.69.159	száz lépés
2	66.249.69.159	kompromisszum
2	66.249.69.157	keresztényüldözés
1	66.249.69.158	polgári Magyarország
1	66.249.69.157	polgári Magyarország
2	66.249.69.157	kikérem magamnak
2	66.249.69.158	elszámoltatás
2	66.249.69.158	rezsicsökkentés
6	84.224.98.206	star wars
2	84.224.98.206	csillagok áborúja
8	84.224.98.206	csillagok háborúja
2	84.224.98.206	csillagok háborúj
2	84.224.98.206	skywalker
4	84.224.98.206	luke
2	84.224.98.206	az erő
2	84.224.98.206	az erő legyen veled
2	84.224.98.206	yoda
2	84.224.98.206	leia
2	84.224.98.206	organa
2	84.224.98.206	padmé
2	84.224.98.206	amidala
2	84.224.98.206	sötét oldal
4	84.224.98.206	tatuin
2	84.224.98.206	Birodalom
2	84.224.98.206	Galaktikus Birodalom
2	84.224.98.206	palpatine
6	84.224.98.206	jedi
4	84.224.98.206	jeditanács
2	84.224.98.206	jedi lovag
2	84.224.98.206	elmetrükk
2	84.224.98.206	jedi erő
2	84.224.98.206	világos oldal
2	84.224.98.206	baljós árnyak
2	84.224.98.206	klónok
2	84.224.98.206	klónok támadása
6	84.224.98.206	a klónok támadása
2	84.224.98.206	sith
2	84.224.98.206	A sith-ek bosszúja
2	84.224.98.206	Egy új remény
2	84.224.98.206	új remény
2	84.224.98.206	Egy AND új AND remény
2	84.224.98.206	baljós AND árnyak
2	84.224.98.206	csillagok AND háborúja
4	84.224.98.206	
3	92.249.230.197	tisztelet
2	92.249.230.197	
2	92.249.230.197	megszólít
3	92.249.230.197	szoknya
2	92.249.230.197	polgár
2	92.249.230.197	állampolgár
2	92.249.230.197	állampolgári
4	92.249.230.197	állampolgárokkal
4	176.63.31.23	soros
43	92.249.170.36	kiss gábor
34	188.143.84.140	kiss gábor
23	94.21.90.94	kiss gábor
2	130.43.219.192	rezsicsökkentés
3	130.43.219.192	Kiss gábor
6	94.21.90.94	Dr Kiss Gábor
2	94.21.90.94	
2	66.249.79.87	derültség
1	66.249.79.87	keresztényüldözés
1	66.249.79.89	polgári Magyarország
1	66.249.79.89	elszámoltatás
1	66.249.79.89	rezsicsökkentés
1	66.249.79.87	száz lépés
3	78.131.104.214	kiss gábor
1	66.249.66.213	derültség
2	178.48.162.223	sima liba
5	178.48.162.223	alsó hangon
2	84.3.165.159	
2	5.38.167.85	euró
3	5.38.167.85	euro beveztése
18	5.38.167.85	bevezet
2	5.38.167.85	euro
1	213.229.183.42	demokrácia
3	5.38.167.85	céldátum
2	5.38.167.85	Euró
2	5.38.167.85	Euró bevezet
12	178.21.51.150	
3	178.21.51.150	emberi jogok
8	92.249.185.201	budapesti vegyiművek
2	84.3.156.30	korrupció
2	84.3.156.30	költségvetés
20	188.156.217.28	Kübekháza
7	188.156.217.28	Tiszasziget
8	188.156.217.28	Újszentiván
7	188.156.217.28	Deszk
7	188.156.217.28	Domaszék
6	188.156.217.28	Dóc
9	188.156.217.28	Röszke
2	84.206.62.4	Tiszasziget
3	5.38.145.28	informatika
2	5.38.145.28	fertőzés
2	5.38.145.28	kommunista
3	130.93.196.178	gönyű
2	62.165.202.28	korrupció
4	188.156.217.28	Algyő
2	188.156.217.28	Ferencszállás
2	188.156.217.28	Klárafalva
2	188.156.217.28	Petőfiszállás
4	188.156.217.28	Sándorfalva
6	188.156.217.28	Szatymaz
2	188.156.217.28	Zsombó
2	188.156.217.28	harmadik híd
4	188.156.217.28	harmadik híd and Szeged
2	188.156.217.28	Szeged and híd
2	188.156.217.28	Röszke and szír
2	188.156.217.28	Debrecen
2	188.156.217.28	Miskolc
2	188.156.217.28	Pécs
2	188.156.217.28	Kecskemét
2	188.156.217.28	Budapest
3	188.156.217.28	szeged
5	130.93.196.178	kurva
2	130.93.196.178	zsidó
3	188.157.238.83	Obstrukció
2	176.77.129.190	trianon
2	86.160.48.24	ozonlyuk
2	86.160.48.24	szendiokszid
2	86.160.48.24	co2
2	86.160.48.24	simicska
2	86.160.48.24	harmas
2	86.160.48.24	harmas metro
2	86.160.48.24	bajnai
7	217.113.63.5	mátrai erőmű
2	94.21.212.179	liberál
6	94.21.212.179	liberális
4	94.27.240.190	Kisújszállás
2	176.63.23.197	ado
2	176.63.23.197	adobevallas
5	130.93.196.178	kurva anyádat
2	130.93.196.178	buzi
3	130.93.196.178	újiráz
2	130.93.196.178	nagyszentjános
10	195.38.116.222	kőris
4	195.38.116.222	kőris gomba
3	195.38.116.222	gomba
2	134.255.99.28	hazaáruló
4	151.0.87.48	korrupció
3	151.0.87.48	Monor
3	37.76.117.116	nemzeti toke
2	37.76.117.116	nemzeti tőke
2	37.76.117.116	tőkés osztály
2	37.76.117.116	nemzeti nagy tőkés
2	37.76.117.116	nagy tőkés
4	37.76.117.116	nagy tőkések
4	37.76.117.116	nemzeti tulajdonosok
2	78.131.57.91	Tisza-híd
3	78.131.57.91	Déli Tisza-híd
2	78.131.57.91	híd
2	78.131.57.91	szegedi híd
2	78.131.57.91	harmadik híd
3	78.131.57.91	Szeged
45	87.242.19.148	hajléktalan
1	66.249.64.53	hazaáruló
3	94.21.212.53	privatizáció
3	94.21.99.246	csuhások
2	94.21.99.246	hajózás
2	94.21.99.246	
2	94.21.99.246	csuhás
6	85.67.60.152	kisújszállás
2	85.67.60.152	pina
2	85.67.60.152	
2	92.52.220.244	Nirvana
2	92.52.220.244	Metallica
2	92.52.220.244	Sátánizmus
2	188.156.196.33	kuki
2	188.156.196.33	politikus
15	62.165.202.138	privatizáció
2	81.182.47.40	mondjon le
8	81.182.47.40	Köcsög
4	81.182.47.40	kurva
8	81.182.47.40	Stefán
2	81.182.47.40	lókupec
4	81.182.47.40	Orbán
2	81.182.47.40	Gyurcsány
4	188.36.7.226	migárns
5	188.36.7.226	migráns
4	188.36.7.226	arató gergely
2	176.241.13.2	hazaáruló
7	80.99.57.218	Migráns
4	81.182.16.229	migráció OR migráns
12	81.182.16.229	
2	81.182.16.229	emberek
2	81.182.16.229	csillagok háborúja
2	81.182.16.229	európai unió
13	37.76.72.193	homoszexuális
7	37.76.19.208	homoszexuális
4	37.76.19.208	Buzi
2	188.156.108.104	emberi jogok
5	188.156.108.104	olajszokites
3	188.156.108.104	Szél Péter
16	216.185.19.10	emberi jogok
2	216.185.19.10	
1	216.185.19.10	korrupció
1	188.6.233.17	migráció OR migráns
1	188.6.233.17	soros györgy
2	188.6.233.17	Lego
6	188.6.233.17	Szabolcsveresmart
4	188.6.233.17	Kisvárda
5	188.156.108.104	Szabó Lukács
7	188.156.108.104	Solt pál
3	188.156.108.104	Olajbizottság
3	84.236.2.108	költségvetés
2	176.63.19.13	nix ugribugri
2	89.134.103.1	techno
1	66.249.66.76	trianon
5	84.206.48.246	korrupció
24	84.3.199.10	korrupció
3	79.121.5.230	sikicska
2	79.121.5.230	simicska
4	79.121.5.230	herczeg tamás
2	84.224.211.84	kikérem magamnak
2	84.224.211.84	Soros György
2	84.224.211.84	Soros
2	84.224.211.84	felháborító
2	84.224.211.84	derültség
3	84.236.71.163	korrupció
5	84.236.71.163	osztolykán
3	84.236.71.163	osztolykán roma
1	66.249.64.53	felháborító
4	91.228.212.86	száz lépés
1	66.249.75.30	elszámoltatás
4	37.120.144.116	papok
4	37.120.144.116	egyház
3	37.120.144.116	papok orbán
3	37.120.144.116	orbán
2	128.6.37.49	kikérem magamnak
61	62.165.202.41	privatizáció
1	66.249.73.149	trianon
2	92.249.171.108	Területfejlesztés
1	92.249.171.108	soros györgy
6	92.249.171.108	kiss gábor
2	85.238.85.129	300
2	85.238.85.129	300 euró
9	85.238.85.129	300 forint fölé emelkedik
2	85.238.85.129	euró le kell mondania
2	85.238.85.129	300 forint euró
3	85.238.85.129	
29	85.238.85.129	forint AND euró
2	173.252.95.33	forint AND euró
2	176.63.17.48	forint AND euró
5	37.76.69.41	forint AND euró
6	188.156.34.178	felháborító
1	66.249.76.85	keresztényüldözés
3	5.204.55.175	derültség
4	5.204.55.175	Torgyán József
4	5.204.55.175	Kuncze Gábor
4	5.187.158.178	privatizáció
2	94.21.212.198	hát
2	94.21.212.198	tulajdonképpen
2	94.21.212.198	voltaképpen
2	94.21.212.198	izé
2	94.21.212.198	vajon
6	178.164.244.233	privatizáció
3	91.82.173.185	korrupció
1	66.249.73.151	migráció
35	62.165.201.126	privatizáció
1	66.249.73.149	kikérem magamnak
3	84.206.42.2	poliészter
2	84.206.42.2	vásárhelyi Pál
2	84.206.42.2	Vásárhelyi Pál
25	84.206.42.2	titkár úr
2	84.206.42.2	politikai vita
4	84.206.42.2	Z. Kárpát Dániel
4	84.206.42.2	dr. Kádár Béla
1	66.249.69.157	kompromisszum
1	66.249.69.157	száz lépés
1	66.249.69.159	polgári Magyarország
2	93.122.250.90	keresztényüldözés
1	66.249.69.157	nix ugribugri
14	46.139.251.114	Számvevőszék
23	176.63.18.97	erőszak
56	176.63.18.97	családon belüli erőszak
2	176.63.18.97	belüli erőszak
2	37.220.135.35	Egészségügy
2	176.63.18.97	házasságon belüli nemi erõszak
2	37.220.135.35	Horváth Ágnes
4	176.63.18.97	nők elleni
3	176.63.18.97	családon belüli
3	37.220.135.35	Molnár Lajos
5	176.63.18.97	isztambuli egyezmény
4	37.220.135.35	
4	176.63.18.97	
1	79.121.20.179	korrupció
4	176.63.18.97	soros györgy
4	176.63.31.111	korrupció
3	176.63.31.111	1990
1	87.97.17.91	kormányváltás
3	37.76.68.80	korrupció
3	37.76.68.80	családon belüli erőszak
54	178.48.51.35	családon belüli erőszak
4	178.48.51.35	nők
4	178.48.51.35	nők erőszak
2	178.48.51.35	házasságon belüli erőszak
2	178.48.51.35	bartók tivadar
4	178.48.51.35	bartók
10	31.46.248.43	korrupció
3	80.99.10.35	demokrácia
2	93.92.56.46	migráció OR migráns
14	188.142.170.219	városliget
2	188.142.170.219	
2	37.76.46.172	migráció
3	84.206.42.2	korrupció
1	178.48.162.88	emberi jogok
1	66.249.66.77	trianon
2	89.132.181.80	Soros
2	89.132.181.80	buzi
2	89.132.181.80	
2	37.76.81.196	családon belüli erőszak
2	217.91.36.246	media
14	62.165.202.59	privatizáció
16	188.156.2.40	korrupció
2	213.229.183.42	.
2	80.251.178.106	NATO
2	80.251.178.106	demokrácia
3	188.154.238.101	hazaáruló
14	94.21.98.147	privatizáció
3	81.160.183.182	soros györgy
2	130.93.196.178	schweizer
2	130.93.196.178	schweitzer
2	130.93.196.178	schweitzer józsef
2	188.6.99.113	költségvetés
685	89.133.40.178	keresztény
39	89.133.40.178	egyház
7	89.133.40.178	keresztény egyház
1	90.194.107.15	emberi jogok
26	89.133.40.178	civil társadalom
2	89.133.40.178	civil társadalom egyház
2	89.133.40.178	civil társadalom keresztény
12	84.206.42.142	gyermekek jogai
52	193.225.246.20	keresztény
29	193.225.246.20	egyház
1	66.249.64.213	nix ugribugri
3	31.46.127.192	schiffer
3	31.46.127.192	klímaváltozás
2	193.225.246.20	keresztény család
2	193.225.246.20	keresztény abortusz
2	193.225.246.20	keresztény LGBT
2	193.225.246.20	keresztény pride
2	193.225.246.20	keresztény meleg
2	193.225.246.20	keresztény homoszexuális
2	193.225.246.20	keresztény migráció
2	193.225.246.20	keresztény menekült
2	193.225.246.20	keresztény migráns
2	193.225.246.20	keresztény identitás
2	193.225.246.20	keresztény európ
2	193.225.246.20	keresztény európa
523	188.6.100.101	privatizáció
4	188.6.100.101	apa
2	188.6.100.101	anya
2	188.6.100.101	rendszerváltás
1	66.249.75.57	hazaáruló
2	46.139.209.132	keresztény
1	66.249.65.181	migráció
2	149.200.18.80	derültség
2	176.63.28.173	viktor
33	157.181.130.112	rezsicsökkentés
10	157.181.130.112	nyugdíj reform
2	157.181.130.112	magán-nyugdíjpénztári rendszer
6	176.63.164.4	adósság
2	176.63.164.4	államadósság
2	157.181.130.112	rendőri visszaélések
2	176.63.31.62	trianon
3	84.206.42.2	hazaáruló
6	84.206.42.2	javaslat
6	193.225.200.93	az emberek
4	193.225.200.93	a magyar emberek
2	193.225.200.93	elit
2	193.225.200.93	fenyeget
2	193.225.200.93	fenyeget*
2	193.225.200.93	emberek
6	193.225.200.93	mi magyarok
2	146.110.165.170	kozma péter
2	146.110.165.170	Pécsi Ildikó
2	146.110.97.108	kozma péter
2	146.110.97.108	pesti ferenc
2	146.110.97.108	petrenkó János
4	84.206.42.142	darvas iván
2	84.206.42.142	
4	84.206.42.142	atyánszky
4	176.63.29.7	mentelmi jog
9	176.63.29.7	demeter
3	176.63.29.7	ensz
4	212.236.35.53	lónak
3	212.236.35.53	lopott
4	93.176.149.110	fegyver
2	185.216.34.174	lófasz
2	185.216.34.174	lónak a faszát
2	185.216.34.174	lónak a fasza
2	185.216.34.174	fasz
2	185.216.34.174	pénisz
2	185.216.34.174	pina
4	185.216.34.174	pöcs
2	213.229.183.42	lófasz
2	213.229.183.42	lónak a fasza
2	213.229.183.42	atomerőmű
2	213.229.183.42	kurva anyját
2	213.229.183.42	francba
2	213.229.183.42	fasz
2	213.229.183.42	pina
2	213.229.183.42	kurva
2	5.38.177.126	lófasz
2	5.38.177.126	lófaszt
2	5.38.177.126	lónak a
2	5.38.177.126	lónak a 
2	5.38.177.126	faszűt
2	5.38.177.126	faszát
2	5.38.177.126	faszt
4	5.38.177.126	fasz
2	5.38.177.126	geci
2	5.38.177.126	orbán egy
2	5.38.177.126	orbán egy geci
2	176.63.22.146	csuhások
2	31.46.242.26	Baszd meg
3	31.46.242.26	Kurva
2	31.46.242.26	Női privilégium
5	84.206.42.2	térde imához
17	84.206.42.2	csuhás
3	84.206.42.2	vásárhelyi pál
3	84.1.21.177	Makó
2	176.63.15.75	korrupció
2	176.63.1.92	soros györgy
7	134.255.27.39	meleg
24	134.255.27.39	pride
5	86.59.202.76	Budaörs
9	158.169.150.10	eurostat
3	94.21.219.58	korrupció
4	94.21.219.58	Felvonó
4	86.59.202.76	Budakeszi
3	91.120.7.122	soros györgy
3	141.98.248.18	Xv. Kerület
4	5.204.23.95	államadósság
2	176.63.44.4	otthonápolás
4	213.222.182.249	Magyar Narancs
3	213.222.182.249	444
4	213.222.182.249	index
1	84.2.48.193	korrupció
2	84.2.48.194	korrupció
2	84.2.48.193	Mátészalka
1	84.2.48.194	Mátészalka
1	5.187.170.23	korrupció
14	217.65.123.148	kormányváltás
4	5.204.23.95	csicska
2	5.204.23.95	o1g
3	86.101.84.37	Piréz
5	178.164.198.0	állatkínzás
2	188.143.105.255	térdre csuhások
2	84.236.111.196	káoszkoalíció
2	84.236.111.196	koalíció
2	84.236.111.196	
1	84.236.111.196	soros györgy
3	78.139.4.23	bridge
2	78.139.4.23	híd rádió
2	89.132.90.138	migráció OR migráns
2	5.38.217.49	kurva
2	5.38.217.49	fasz
5	78.139.15.123	meleg
1	86.59.146.91	kormányváltás
2	94.248.136.72	HM EI
4	94.248.136.72	Szalay Miklós
2	94.248.136.72	Media1
2	94.248.136.72	Szalay Dániel
4	84.224.3.142	államadósság
39	84.224.3.142	euró
2	86.59.130.97	fasz
2	86.59.130.97	csicska
3	86.59.130.97	köcsög
2	37.76.20.12	köcsög
7	77.110.128.17	soros györgy
3	77.110.128.17	kormányváltás
3	77.110.128.17	migráció OR migráns
12	77.110.128.17	
2	77.110.128.17	RTL
2	77.110.128.17	Cartoon
3	77.110.128.17	TV2
3	37.76.86.153	Seszták
2	37.76.86.153	Dombrád
11	37.76.86.153	Seszták miklós
3	89.135.0.110	kormányváltás
6	176.77.144.228	korrupció
5	176.77.144.228	Rádió
11	188.6.132.74	Airport
3	188.6.132.74	Ferihegy
3	92.31.239.177	korrupció
4	37.76.28.155	Walkign adde
4	37.76.28.155	Walking dead
4	37.76.28.155	Karácsony
4	37.76.28.155	Karácsonyt
3	37.76.28.155	Boldog karácsonyt
2	91.82.241.88	emberi jogok
2	91.82.241.88	segg
2	91.82.241.88	lónak a
2	91.82.241.88	fasz
2	91.82.241.88	kurvaú
2	91.82.241.88	kurva
1	84.236.24.161	soros györgy
4	158.116.225.51	emberi jogok
2	89.135.245.137	végh
5	94.21.218.135	vigh lászló
2	84.225.198.3	migráns
2	84.0.94.166	Youtube
2	84.0.94.166	Instagram
2	84.0.94.166	Putin
2	84.0.94.166	Putyin
2	84.0.94.166	fasz
2	84.0.94.166	bazdmeg
2	84.0.94.166	idióta
2	158.169.40.6	klímaváltozás
3	158.169.40.6	éghajlatváltozás
2	176.63.0.205	józsefváros
2	176.63.0.205	szigony
4	176.63.0.205	tömő
3	176.63.0.205	tömő utca
2	176.63.0.205	népszinház
1	92.249.148.166	soros györgy
5	92.249.148.166	miskolc
5	92.249.148.166	tiszacsermely
3	92.249.148.166	cigánd
2	195.111.73.28	egészségügy
2	195.111.73.28	oktatás
2	195.111.73.28	
1	195.228.139.94	soros györgy
8	109.105.10.117	seszták miklós
35	176.63.17.180	kövér lászló
2	176.63.17.180	kövér lászló nemzet
3	176.63.17.180	kövér lászló gyurcsány
2	176.63.17.180	gyurcsány
4	176.63.17.180	mszp
3	176.63.17.180	mszp kövér
9	176.63.17.180	soros györgy
2	176.63.17.180	
21	176.63.17.180	határon túli magyarok
32	176.63.17.180	határon túli magyarok kövér
4	176.63.17.180	határon túli kövér
2	176.63.17.180	határon túli
12	176.63.17.180	antall
2	176.63.17.180	kövér lászló ndf
2	176.63.17.180	kövér lászló mdf
2	176.63.17.180	kövér lászló mdf bukás
23	176.63.17.180	kövér lászló olimpia
2	176.63.17.180	olimpia
2	176.63.17.180	olimpia fidesz
2	176.63.17.180	deutsch tamás stadionok
2	176.63.17.180	deutsch tamás stadion
2	176.63.17.180	deutsch tamás beléptető
8	81.183.221.168	Koncz
2	158.116.225.51	kocsiű
2	158.116.225.51	kocsi
13	85.66.82.233	beteg
5	80.99.6.9	soros györgy
3	78.131.104.63	debrecen
3	78.131.104.63	Porcsin Zsolt
3	78.131.104.63	Debrecen
3	80.99.197.173	Balogh krisztina
6	80.99.197.173	MTVA
2	80.99.197.173	Balogh
9	176.63.22.34	jászberény
3	146.110.45.243	korrupció
1	66.249.64.151	rezsicsökkentés
1	66.249.64.151	polgári Magyarország
2	31.46.86.163	meszaros
2	31.46.86.163	meszaros lorinc
10	37.220.136.49	kormányváltás
1	66.249.66.75	elszámoltatás
2	193.240.70.62	
1	66.249.66.75	hazaáruló
5	193.224.247.34	soros györgy
5	193.224.247.34	euró
1	193.224.247.34	korrupció
2	84.206.42.2	költségvetés
1	66.249.69.6	kikérem magamnak
1	66.249.69.8	elszámoltatás
3	91.160.194.41	kivàndorlàs
3	93.89.171.44	kormányváltás
3	93.89.171.44	babák
8	88.132.42.250	magyarország ellen
3	88.132.42.250	orbán
2	84.236.55.57	index
2	84.236.55.57	index.hu
2	84.236.55.57	444.hu
2	84.236.55.57	figyelo.hu
2	84.236.55.57	figyelő
1	66.249.79.35	derültség
1	66.249.65.185	felháborító
1	66.249.65.185	kompromisszum
1	66.249.65.183	trianon
3	91.82.255.237	ingatlan
100	89.133.40.178	kereszténység
31	89.133.40.178	kereszténység oktatás
2	89.133.40.178	kereszténység nevelé
3	89.133.40.178	kereszténység nevelés
4	89.133.40.178	keresztény nevelés
10	89.133.40.178	keresztény oktatás
56	89.133.40.178	keresztény kultúra
74	89.133.40.178	keresztény identitás
4	89.133.40.178	keresztény magyarság
4	89.133.40.178	keresztény nemzet
2	89.133.40.178	keresztény menekült
2	89.133.40.178	keresztény migráció
2	89.133.40.178	keresztény migráns
5	89.133.40.178	keresztény hatalom
65	89.133.40.178	keresztény érték
4	89.133.40.178	keresztény állam
2	89.133.40.178	rétvári bence
2	5.204.54.135	álomvölgy
2	5.204.54.135	belgium
2	5.204.54.135	nogo
2	5.204.54.135	no-go
1	151.0.68.204	keresztény
2	77.110.128.17	lemond
2	77.110.128.17	lemondok
3	77.110.128.17	patkány
2	77.110.128.17	lépjünk ki
3	77.110.128.17	soros
6	89.133.40.178	keresztény demokrata
2	89.133.40.178	keresztény demokrata néppárt
21	89.133.40.178	keresztény nemzeti kurzus
7	176.63.17.180	Horváth János
5	176.63.16.105	csenger
5	176.63.16.105	gaál
2	176.63.16.105	
2	178.48.182.76	hálózat
20	89.133.40.178	keresztény erkölcs
103	89.133.40.178	keresztény etika
4	89.133.40.178	keresztény morál
4	89.133.40.178	keresztény értékrend
2	89.133.40.178	keresztény konzervatív
80	89.133.40.178	keresztény nemzeti
132	89.133.40.178	keresztény hit
32	80.98.248.235	keresztény hit
116	80.98.248.235	keresztény
98	146.110.109.154	keresztény
135	146.110.109.154	keresztény erkölcs
4	146.110.109.154	keresztény kultúra
2	146.110.109.154	keresztény kultúra érték
2	146.110.109.154	keresztény hit érték
1	195.228.222.209	korrupció
3	195.228.222.209	akták
6	80.98.219.214	harrach
51	176.63.17.50	keresztény
4	46.139.246.172	európa
2	130.43.213.232	állatkínzás
27	84.206.42.2	rendszerváltás
3	195.37.142.78	pornó
2	195.37.142.78	szexfilm
2	195.37.142.78	szex
2	80.98.88.80	pornó
25	80.98.88.80	pornográfia
26	84.206.42.2	pornó
2	84.206.42.2	sex
2	84.206.46.221	Kőris
23	176.63.16.99	keresztény
2	46.139.246.172	szinház finanszírozás
7	46.139.246.172	színház finanszírozás
3	46.139.246.172	kultúra szabadsága
12	46.139.246.172	színház függetlenség
17	176.63.16.120	keresztény
29	176.63.16.98	keresztény
2	195.111.2.2	közmunkás
4	195.111.2.2	sztaki
4	195.111.2.2	martonvásár
2	195.111.2.2	orgona
6	88.132.15.90	jászberény
2	178.48.182.79	kulturális
2	178.48.182.79	kulturális alap
8	84.225.205.147	Szebik
2	178.48.182.79	balás istván
2	178.48.182.69	Baj
1	178.48.182.69	korrupció
2	178.48.182.79	roma
2	178.48.182.79	cigány
2	84.225.205.147	Roma identitas
6	84.225.205.147	Kurva
3	193.224.60.200	Szebik
4	178.48.182.69	Színház
2	193.224.60.200	Soros
4	193.224.60.200	fasiszta
6	193.224.60.200	szexuális
2	193.224.60.200	pénz
2	193.224.60.200	kommunista
2	193.224.60.200	Balás
2	193.224.60.200	Kádár
2	193.224.60.200	Hitler
2	193.224.60.200	cigány
2	193.224.60.200	zsidó
2	193.224.60.200	soros
4	193.224.60.200	polgári
2	193.224.60.200	őszödi
2	212.48.245.105	Szebik
2	212.48.245.105	soros
2	212.48.245.105	evangélikus
3	212.48.245.105	szociológia
7	212.48.245.105	cigány
2	212.48.245.105	kovách
2	212.48.245.105	kovach
2	212.48.245.105	mandiner
2	212.48.245.105	azonnali.hu
2	212.48.245.105	széchenyi istván szakkollégium
2	212.48.245.105	szakkollégium
4	134.255.89.13	Szebik
6	185.27.60.161	költségvetés
6	134.255.89.13	Budakeszi
2	176.63.2.9	Via
2	176.63.2.9	Orbán
32	160.114.46.184	felsőház
2	160.114.46.184	főrend
7	160.114.46.184	Főrendiház
2	160.114.46.184	
7	160.114.46.184	főrendiház
2	178.48.182.65	népszavazás
6	178.48.182.65	közvélemény
2	178.48.182.65	népakarat
2	178.48.182.65	vélemény
4	212.48.245.105	szebik
4	212.48.245.105	kurva
2	212.48.245.105	csuhások
2	212.48.245.105	büdös cigány
2	212.48.245.105	theather
2	212.48.245.105	thather
2	212.48.245.105	thacher
2	212.48.245.105	freedman
2	212.48.245.105	freeman
2	5.38.144.52	IKIR
2	46.107.169.241	soros
2	46.107.169.241	borbála
2	46.107.169.241	evangélikus
2	46.107.169.241	deák téri evangélikus
4	46.107.169.241	font sándor
2	73.157.192.149	Izrael
2	73.157.192.149	
2	37.120.144.124	cigányfúró
7	84.1.21.177	hódmezővásárhely
5	84.206.42.142	szabad györgy országgyűlés hivatal
4	84.206.42.142	országgyűlés hivatal
2	84.206.42.142	országgyűlés
4	84.206.42.142	országgyűlés feladat
4	84.206.42.142	országgyűlés szerep
2	84.206.42.142	országgyűlés köztisztviselő
2	84.206.42.142	országgyűlés tisztviselő
2	37.76.95.253	Sör
2	37.76.95.253	Bor
2	37.76.95.253	Horthy
2	37.76.95.253	Trump
2	37.76.95.253	boldog karácsonyt
2	212.48.245.105	zöld
2	212.48.245.105	környezet
2	212.48.245.105	ökológia
2	212.48.245.105	kisközösség
3	212.48.245.105	halkan
3	212.48.245.105	roma
5	212.48.245.105	menekült
2	212.48.245.105	migráns
2	212.48.245.105	
2	212.48.245.105	migráció OR migráns
1	66.249.65.185	száz lépés
1	66.249.65.181	rezsicsökkentés
33	5.180.121.185	keresztény
1	66.249.65.183	elszámoltatás
1	66.249.64.151	kikérem magamnak
1	66.249.64.151	hazaáruló
2	176.63.24.238	asd
